,Vegetation,WF_PM25,RX_PM25,WF_PM10,RX_PM10,WF_CO,RX_CO,WF_NOx,RX_NOx,WF_NH3,RX_NH3,WF_SO2,RX_SO2,WF_VOC,RX_VOC,WF_HEAT,RX_HEAT,WF_CONSF,RX_CONSF
0,Agriculture or Developed,0.088977,0.045327,0.104986,0.053483,1.02481,0.482185,0.014809,0.482185,0.016842,0.008011,0.007943,0.005136,0.242017,0.115145,307910.5053,307910.5053,4.920731939,4.485444901
1,Black cottonwood - Douglas-fir - Quaking aspen,0.3766,0.153954,0.44438,0.181671,4.360343,1.831058,0.060401,1.831058,0.071574,0.029953,0.033047,0.012184,1.028982,0.430569,1199711.804,1199711.804,19.6976868,5.651472623
2,Western hemlock - Western redcedar - Douglas-fir forest,1.096013,0.519802,1.293288,0.613373,13.359889,6.313482,0.108625,6.313482,0.217842,0.102986,0.077873,0.037549,3.13145,1.480515,1627603.156,1627603.156,24.1206144,12.56597972
4,Douglas-fir / Ceanothus forest,0.595513,0.489074,0.702702,0.577109,7.193358,5.906724,0.065607,5.906724,0.117432,0.096425,0.044102,0.036248,1.688049,1.386146,1088979.901,1088979.901,16.36138869,13.48428879
5,Douglas-fir - White fir forest,0.443715,0.233567,0.523603,0.275606,5.069074,2.677268,0.078035,2.677268,0.083369,0.044006,0.040806,0.021228,1.198428,0.632666,1614606.414,1614606.414,26.60499978,13.55700844
6,Oregon white oak - Douglas-fir forest,0.179249,0.085403,0.211513,0.100767,2.023867,0.97662,0.033926,0.97662,0.033336,0.01606,0.017144,0.007825,0.479254,0.230857,710473.4715,710473.4715,11.93233261,5.069947879
7,Douglas-fir - Sugar pine - Tanoak forest,0.566459,0.328119,0.66842,0.387182,6.751394,3.981703,0.071532,3.981703,0.110405,0.064957,0.044437,0.023797,1.587115,0.93382,1281838.248,1281838.248,20.07672007,8.111585724
8,Western hemlock - Douglas-fir - Western redcedar / Vine maple forest,1.843928,1.609307,2.175834,1.89898,22.642198,19.892239,0.166146,19.892239,0.368839,0.323774,0.126488,0.10681,5.302126,4.654223,2420419.161,2420419.161,32.37354332,21.7560086
9,Douglas-fir - Western Hemlock - Western redcedar / Vine maple forest,0.779637,0.489192,0.919984,0.577241,9.464573,5.95008,0.081166,5.95008,0.154399,0.097046,0.056462,0.035106,2.219592,1.395036,1319457.424,1319457.424,19.08935558,11.40964828
10,Western hemlock - Douglas-fir - Sitka spruce forest,1.640742,1.396398,1.936083,1.647754,20.036922,17.234963,0.158892,17.234963,0.326634,0.280571,0.115561,0.093382,4.695362,4.033264,2530354.473,2530354.473,34.27366738,20.14976189
11,Douglas-fir / Western hemlock - Sitka spruce forest,0.556113,0.360097,0.656216,0.424915,6.596966,4.301193,0.073342,4.301193,0.107947,0.070319,0.044481,0.027994,1.551779,1.010833,1378654.516,1378654.516,21.25235965,12.29990556
12,Mountain hemlock - Red fir - Lodgepole pine - White pine forest,0.358826,0.207945,0.423414,0.245377,4.282361,2.539441,0.044747,2.539441,0.070022,0.041402,0.027987,0.014646,1.006524,0.595084,833014.1942,833014.1942,15.53966439,5.241540743
14,Black oak woodland,0.107725,0.02694,0.127124,0.031788,1.123112,0.294616,0.02973,0.294616,0.018702,0.004874,0.01284,0.002836,0.269004,0.070077,672091.6726,672091.6726,11.79427193,2.267408568
15,Jeffrey pine - Red fir - White fir / Greenleaf manzanita - Snowbrush forest,1.20277,0.967482,1.419275,1.141624,14.798457,11.970336,0.105446,11.970336,0.241003,0.194807,0.081715,0.0639,3.464482,2.800375,1422024.155,1422024.155,19.6723287,12.50678505
16,Jeffrey pine - Ponderosa pine - Douglas-fir - Black oak forest,0.201814,0.10517,0.23815,0.124093,2.301402,1.210243,0.035919,1.210243,0.037865,0.019884,0.018679,0.00943,0.544239,0.285838,743057.4171,743057.4171,12.30967413,5.867437568
17,Red fir forest,1.157971,0.949504,1.366404,1.120419,14.155121,11.763279,0.110744,11.763279,0.230728,0.191412,0.081184,0.062295,3.316635,2.751477,1671452.137,1671452.137,23.50206894,11.51506925
18,Douglas-fir / Oceanspray forest,0.168461,0.098737,0.198798,0.116508,1.986376,1.182488,0.023433,1.182488,0.032526,0.019325,0.013804,0.007586,0.467619,0.277804,456997.1903,456997.1903,,
19,White fir - Giant sequoia - Sugar pine forest,0.583097,0.343547,0.688037,0.405385,7.015765,4.184926,0.067,4.184926,0.114589,0.068241,0.043937,0.024483,1.647219,0.980987,1219652.706,1219652.706,21.81802025,9.756953614
20,Western juniper / Huckleberry oak forest,0.155023,0.097487,0.182922,0.115035,1.866148,1.178598,0.01772,1.178598,0.030472,0.019248,0.011661,0.007187,0.438116,0.276549,317728.5408,317728.5408,,
21,Lodgepole pine early seral forest,0.181452,0.117837,0.214122,0.139046,2.113417,1.346095,0.027851,1.346095,0.034665,0.022138,0.015584,0.01083,0.498341,0.318241,561946.0499,561946.0499,8.872571295,7.066285629
22,Lodgepole pine forest,0.301149,0.152859,0.355351,0.180369,3.560342,1.740839,0.040927,1.740839,0.05828,0.028635,0.024419,0.014202,0.837858,0.41174,784052.0108,784052.0108,12.10665116,9.432261971
24,Pacific ponderosa pine - Douglas-fir forest,0.134602,0.079535,0.158821,0.093842,1.532461,0.942991,0.024198,0.942991,0.025215,0.015427,0.012528,0.006368,0.362465,0.221829,498534.5154,498534.5154,8.326678956,3.061608002
25,Pinyon - Juniper forest,0.129124,0.019209,0.152365,0.022673,1.455328,0.209939,0.024692,0.209939,0.023975,0.003476,0.012416,0.002025,0.344709,0.049944,522563.0232,522563.0232,8.725579465,1.624855979
27,Ponderosa pine - Two-needle pine - Juniper forest,0.142242,0.094752,0.167846,0.11181,1.68416,1.156795,0.019084,1.156795,0.02756,0.018862,0.011467,0.00668,0.396255,0.271081,348847.7714,348847.7714,5.597237199,1.996701054
28,Ponderosa pine savanna,0.082865,0.052054,0.09779,0.061421,0.983187,0.624048,0.010914,0.624048,0.016094,0.010197,0.006625,0.003982,0.231267,0.14659,200205.1275,200205.1275,3.156568629,1.664206731
30,Turbinella oak - Ceanothus - Mountain mahogany shrubland,0.035112,0.030835,0.041439,0.036379,0.368344,0.314772,0.00945,0.314772,0.006127,0.005262,0.004119,0.003851,0.08814,0.075621,213401.1149,213401.1149,3.74193116,3.736057505
32,Ponderosa pine / Pinyon pine - Juniper forest,0.165755,0.111721,0.195584,0.131833,1.952268,1.347538,0.023264,1.347538,0.031973,0.022003,0.013635,0.008328,0.459659,0.316282,442454.7845,442454.7845,7.86802371,1.661908526
34,Interior Douglas-fir - Ponderosa pine / Gambel oak forest,0.26989,0.165271,0.318481,0.195021,3.141739,1.925672,0.041597,1.925672,0.051535,0.031587,0.02322,0.014172,0.740879,0.454047,827021.8155,827021.8155,13.28294788,8.0426319
36,Live oak - Blue oak woodland,0.084084,0.061813,0.09923,0.072936,0.940593,0.677371,0.016795,0.677371,0.015526,0.011206,0.008285,0.006468,0.223021,0.161076,359336.8635,359336.8635,6.035211142,5.131483323
37,Ponderosa pine - Jeffrey pine forest,0.390249,0.110467,0.460492,0.130347,4.665335,1.264403,0.047853,1.264403,0.076262,0.020787,0.030222,0.01009,1.096282,0.298847,875773.5772,875773.5772,13.13056924,6.501111965
38,Douglas-fir - Madrone / Tanoak forest,0.289497,0.13589,0.341602,0.160346,3.229238,1.554198,0.058734,1.554198,0.053283,0.025555,0.028755,0.012445,0.765973,0.367381,1254317.929,1254317.929,21.223363,8.058233321
39,Sugar pine - Douglas-fir - Ponderosa pine - Oak forest,0.183263,0.07753,0.216252,0.091482,2.034312,0.883736,0.038176,0.883736,0.033593,0.014535,0.018478,0.007189,0.482868,0.208994,825531.9921,825531.9921,,
40,Tobosa - Grama grassland,0.007793,0.007793,0.009199,0.009195,0.079555,0.079559,0.002316,0.079559,0.001326,0.001327,0.00097,0.000977,0.019108,0.019116,52870.98965,52870.98965,0.935576017,0.935576017
41,Idaho fescue - Bluebunch wheatgrass grassland,0.004956,0.004707,0.005858,0.005555,0.050387,0.047799,0.001493,0.047799,0.000836,0.000797,0.00062,0.000598,0.012114,0.011498,34281.13634,34281.13634,0.608104534,0.576857068
42,Trembling aspen / Engelmann spruce forest,0.317513,0.186011,0.374673,0.219496,3.755237,2.184487,0.043006,2.184487,0.061465,0.035797,0.025707,0.015478,0.883677,0.514532,805691.8958,805691.8958,12.69554774,8.203305733
43,Arizona white oak - Silverleaf oak - Emory oak woodland,0.050364,0.025925,0.059423,0.030588,0.554754,0.280758,0.010914,0.280758,0.009165,0.004648,0.005192,0.0028,0.131818,0.066868,238804.6068,238804.6068,4.857436868,1.582589344
44,Scrub oak - Chaparral shrubland,0.097894,0.088313,0.115515,0.10421,1.004582,0.904714,0.028617,0.904714,0.01677,0.015111,0.012099,0.010967,0.241179,0.217259,651846.6824,651846.6824,11.50995253,10.4602793
45,Pine - Oak forest,0.173556,0.118256,0.204786,0.139532,2.042459,1.378123,0.024528,1.378123,0.033453,0.022601,0.014334,0.01013,0.480947,0.324936,483019.2768,483019.2768,7.963561797,3.81473932
46,Chamise chaparral shrubland,0.117513,0.113555,0.138659,0.133998,1.204374,1.163134,0.034506,1.163134,0.020121,0.019431,0.014577,0.014102,0.289194,0.279318,785738.4627,785738.4627,13.89061303,13.45729639
47,Redwood - Tanoak forest,1.572336,1.336808,1.855362,1.577435,19.270678,16.48922,0.145336,16.48922,0.313994,0.26845,0.108848,0.089673,4.513711,3.859048,2196137.299,2196137.299,29.41936261,19.79482263
48,Tanoak - California bay - Madrone forest,0.381883,0.213494,0.450623,0.251922,4.408153,2.490951,0.062591,2.490951,0.072399,0.04085,0.033871,0.018214,1.040695,0.587231,1271575.342,1271575.342,,
49,Creosote bush shrubland,0.007239,0.007194,0.008538,0.008497,0.074508,0.074146,0.002091,0.074146,0.00125,0.001241,0.000886,0.000887,0.01788,0.017791,47478.86176,47478.86176,0.836304353,0.832437236
51,Coastal sage shrubland,0.083794,0.066662,0.098882,0.078655,0.862301,0.683705,0.024254,0.683705,0.014396,0.011419,0.010296,0.008253,0.206925,0.164152,552110.8227,552110.8227,9.731820406,7.854814729
52,Douglas-fir - ponderosa pine forest,0.210711,0.066904,0.248638,0.078949,2.409163,0.792663,0.03685,0.792663,0.039619,0.01298,0.019325,0.005382,0.5695,0.186489,757087.9753,757087.9753,12.53421697,2.607613123
53,Pacific ponderosa pine forest,0.308108,0.184696,0.363571,0.217942,3.634778,2.179586,0.042659,2.179586,0.05952,0.035689,0.025183,0.015082,0.855613,0.513049,842715.0783,842715.0783,,
54,Douglas-fir - White fir - Interior ponderosa pine forest,0.461382,0.227523,0.544435,0.268477,5.416105,2.715818,0.066575,2.715818,0.088755,0.044405,0.038462,0.01774,1.275775,0.638306,1317034.368,1317034.368,23.06578624,7.182196264
55,Western juniper / Sagebrush savanna,0.036842,0.019065,0.043477,0.02249,0.378982,0.197386,0.010677,0.197386,0.006313,0.003293,0.004527,0.002302,0.090954,0.047322,242810.6635,242810.6635,4.288088758,2.15240941
56,Sagebrush shrubland,0.025116,0.025085,0.029625,0.029603,0.256219,0.255955,0.00749,0.255955,0.004286,0.004279,0.003148,0.003144,0.061563,0.061499,170841.7685,170841.7685,3.024232187,3.021071172
57,Wheatgrass - Cheatgrass grassland,0.000794,0.000786,0.000943,0.000937,0.008106,0.008039,0.000236,0.008039,0.000138,0.000133,0.000107,0.000105,0.001959,0.001931,5516.612138,5516.612138,0.097858235,0.097024969
59,Subalpine fir - Engelmann spruce - Douglas-fir - Lodgepole pine forest,1.031105,0.552831,1.216704,0.652342,12.696886,6.751116,0.089337,6.751116,0.206752,0.110059,0.069764,0.038941,2.972155,1.582027,1252273.314,1252273.314,16.34262606,11.55240626
60,Sagebrush Shrubland - Sparse,0.005277,0.005196,0.006218,0.006129,0.054142,0.053278,0.001545,0.053278,0.000897,0.00089,0.000645,0.000647,0.012995,0.012794,35168.0711,35168.0711,0.620784151,0.611732882
61,Whitebark pine / Subalpine fir forest,0.717149,0.462675,0.846235,0.545959,8.668449,5.645425,0.078423,5.645425,0.141502,0.092042,0.052949,0.032721,2.034023,1.323069,1343674.751,1343674.751,19.41411486,9.906330091
63,Showy sedge - Alpine black sedge grassland,0.009985,0.009741,0.011781,0.011493,0.101419,0.098989,0.00302,0.098989,0.001692,0.001654,0.001263,0.001231,0.024383,0.023802,69001.53935,69001.53935,1.22400099,1.194632713
65,Red fescue - Oatgrass grassland,0.014512,0.011704,0.017124,0.013811,0.153649,0.118923,0.003762,0.118923,0.002548,0.001987,0.001659,0.001478,0.036719,0.028596,84729.98249,84729.98249,1.666827519,1.596337383
66,Bluebunch wheatgrass - Bluegrass grassland,0.347483,0.014532,0.41004,0.017146,4.367872,0.162968,0.02118,0.162968,0.070944,0.002687,0.021077,0.001416,1.019784,0.038631,162333.054,162333.054,1.094127785,1.023379104
67,Interior ponderosa pine - Douglas-fir forest,0.45365,0.14455,0.535316,0.170563,5.4167,1.636449,0.056303,1.636449,0.088557,0.026947,0.035321,0.0137,1.273052,0.387371,1032810.029,1032810.029,15.59286316,9.402621181
69,Western Juniper / Sagebrush - Bitterbrush shrubland,0.02504,0.022978,0.029535,0.027112,0.260555,0.235123,0.006948,0.235123,0.004335,0.00393,0.002989,0.002861,0.062418,0.05647,157297.4829,157297.4829,2.777614747,2.754793525
70,Subalpine fir - Lodgepole pine - Whitebark pine - Engelmann spruce forest,0.584538,0.395572,0.689755,0.466771,6.934712,4.705826,0.07703,4.705826,0.113471,0.076975,0.04674,0.031276,1.631202,1.106514,1455428.108,1455428.108,22.30929471,14.45536988
85,Black spruce / lichen forest,0.798882,0.735194,0.942682,0.867531,9.920127,9.134368,0.06092,9.134368,0.161371,0.148575,0.051788,0.047515,2.319676,2.135786,1054770.243,1054770.243,,
87,Black spruce / feathermoss forest,0.801637,0.715517,0.945941,0.844301,9.926647,8.912585,0.0639,8.912585,0.161526,0.144922,0.052727,0.045625,2.322022,2.08326,1124984.706,1124984.706,,
88,Black spruce / sphagnum moss forest,2.291747,0.497814,2.704255,0.587417,28.242102,5.814563,0.196376,5.814563,0.459853,0.095341,0.154456,0.042292,6.610415,1.370553,3429202.34,3429202.34,35.23265631,23.52342313
89,Black spruce / cottonsedge woodland,2.5534,2.549403,3.013019,3.008293,31.874263,31.829537,0.177914,31.829537,0.518144,0.517414,0.16094,0.160549,7.448368,7.437757,2849241.002,2849241.002,,
90,White oak - Northern red oak forest,0.185102,0.075761,0.218426,0.089397,2.057715,0.84201,0.038258,0.84201,0.033973,0.0139,0.018584,0.007608,0.488325,0.199825,825691.3648,825691.3648,13.91971947,5.705221019
93,Paper birch - quaking aspen forest,0.287287,0.093285,0.338984,0.110074,3.357814,1.086227,0.042912,1.086227,0.055054,0.017817,0.024345,0.008016,0.791404,0.256144,867431.9113,867431.9113,13.46226628,4.573727617
94,Balsam poplar - quaking aspen forest,0.418838,0.177995,0.494234,0.210041,5.073574,2.162224,0.044697,2.162224,0.082793,0.035273,0.03062,0.01285,1.190165,0.507036,851238.5354,851238.5354,,
95,Willow --  mountain alder shrubland,0.209601,0.087878,0.247325,0.103701,2.512407,0.990656,0.025037,0.990656,0.041052,0.016325,0.016062,0.008446,0.590172,0.234642,492808.6941,492808.6941,,
97,Cottongrass grassland,1.399756,1.398957,1.651726,1.650773,17.45863,17.44854,0.098998,17.44854,0.28384,0.283666,0.088621,0.088582,4.080156,4.0778,1648489.367,1648489.367,,
98,Marsh Labrador tea - lingonberry tundra shrubland,0.170664,0.049585,0.201407,0.05851,2.095827,0.58157,0.015377,0.58157,0.03415,0.009527,0.011716,0.004145,0.490781,0.137006,285298.9133,285298.9133,,
99,Bluejoint reedgrass grassland,0.344684,0.148586,0.406728,0.175326,4.232753,1.780576,0.031028,1.780576,0.068956,0.0291,0.023641,0.011389,0.991179,0.418282,573198.0307,573198.0307,,
100,Altai fescue grassland,0.181409,0.055918,0.21407,0.065983,2.206645,0.637305,0.018451,0.637305,0.035991,0.010489,0.013027,0.005181,0.517363,0.15072,352393.2525,352393.2525,,
101,White spruce forest,0.698654,0.542925,0.824409,0.64065,8.58304,6.720078,0.062533,6.720078,0.139804,0.109357,0.047811,0.035787,2.009772,1.572042,1141205.343,1141205.343,,
103,White spruce - paper birch forest,0.457324,0.210142,0.539643,0.247976,5.50772,2.527626,0.052036,2.527626,0.089945,0.041288,0.034325,0.015861,1.292984,0.593482,1003199.956,1003199.956,,
105,Paper birch - quaking aspen - white spruce forest,0.522496,0.256848,0.616539,0.303088,6.269049,3.093169,0.061796,3.093169,0.102427,0.050514,0.039853,0.019279,1.472427,0.726155,1192386.426,1192386.426,,
107,Pitch pine / Scrub oak forest,0.338614,0.134531,0.399555,0.158743,4.176409,1.647119,0.028657,1.647119,0.067999,0.026846,0.02272,0.009359,0.977423,0.38585,519995.6996,519995.6996,9.724381271,4.984371192
109,Eastern white pine - Northern red oak - Red maple forest,0.192184,0.069261,0.226774,0.081725,2.127171,0.775878,0.040654,0.775878,0.035144,0.012789,0.019535,0.006793,0.505109,0.183933,881620.7175,881620.7175,,
110,American beech - Yellow birch - Sugar maple forest,0.325398,0.079919,0.383969,0.094305,3.812797,0.932086,0.047647,0.932086,0.062501,0.015291,0.027323,0.00683,0.898336,0.219749,923517.1799,923517.1799,14.77744532,3.846130963
114,Virginia pine - Pitch pine -  Shortleaf pine forest,0.124938,0.043396,0.147422,0.051206,1.430466,0.466176,0.021645,0.466176,0.023514,0.00773,0.011402,0.004799,0.338095,0.111164,454742.4429,454742.4429,7.331794679,4.06585266
115,Rhododendron - Blueberry - Mountain laurel shrubland,0.407038,0.241602,0.480296,0.285096,4.688734,2.6218,0.067694,2.6218,0.077041,0.043433,0.036376,0.025998,1.107251,0.624307,1420950.331,1420950.331,,
123,White oak - Northern red oak - Black oak - Hickory forest,0.173858,0.082043,0.205144,0.096809,1.841038,0.881647,0.045113,0.881647,0.03061,0.014623,0.019943,0.009064,0.43993,0.210239,1008557.262,1008557.262,17.61355215,7.677507232
125,Oak - Hickory - Pine - Eastern hemlock forest,0.151931,0.061368,0.179281,0.072418,1.674037,0.691668,0.032895,0.691668,0.027675,0.011394,0.015652,0.005903,0.397762,0.16383,716934.2284,716934.2284,,
129,Green Ash - American Elm Forest,0.178251,0.060834,0.210341,0.071786,1.930319,0.692856,0.04197,0.692856,0.031988,0.011401,0.019287,0.005656,0.459785,0.163869,921219.714,921219.714,15.94105943,3.751717312
131,Bluestem - Indian grass - Switchgrass grassland,0.034745,0.029794,0.040997,0.035151,0.354409,0.303228,0.010381,0.303228,0.005925,0.00507,0.004353,0.003755,0.085157,0.07289,236744.5927,236744.5927,4.191700524,3.625478934
133,Tall fescue - Foxtail - Purple bluestem grassland,0.036455,0.030137,0.043025,0.035566,0.372582,0.307135,0.010813,0.307135,0.006225,0.005133,0.004546,0.003783,0.089498,0.073815,246588.5752,246588.5752,4.361730403,3.649864831
135,Eastern redcedar - Oak / Bluestem savanna,0.030194,0.020949,0.035622,0.024713,0.314979,0.216311,0.008308,0.216311,0.005244,0.003607,0.003586,0.002554,0.075436,0.051884,187779.7088,187779.7088,3.56799293,2.608070124
138,Red pine - White pine forest,0.340638,0.178071,0.401937,0.210128,4.009525,2.092027,0.04806,2.092027,0.065673,0.034277,0.028088,0.014797,0.944114,0.492727,959834.9609,959834.9609,17.37855729,9.881041913
140,Jack pine / Black spruce forest,0.138092,0.038703,0.162952,0.045666,1.626845,0.434478,0.019355,0.434478,0.02664,0.007165,0.011359,0.003767,0.383021,0.102962,394620.6141,394620.6141,8.200969339,4.686397964
142,Trembling aspen - Paper birch forest,0.296514,0.107866,0.349889,0.12728,3.460641,1.251539,0.044798,1.251539,0.05675,0.020543,0.025271,0.009393,0.815794,0.295265,920389.3699,920389.3699,16.21512043,6.723510808
143,Trembling aspen - Paper birch - White spruce - Balsam fir forest,0.662728,0.357683,0.782027,0.422071,7.89674,4.326974,0.083895,4.326974,0.129139,0.07062,0.052055,0.026308,1.856432,1.015207,1510840.53,1510840.53,23.59245713,9.509550647
147,Jack pine savanna,0.033035,0.013514,0.038989,0.015945,0.366834,0.143977,0.006876,0.143977,0.006049,0.00239,0.003321,0.001521,0.087066,0.034378,149655.3456,149655.3456,2.716517555,1.346906505
154,Bur oak savanna,0.092078,0.028708,0.108644,0.03387,0.969522,0.314054,0.024436,0.314054,0.016129,0.005194,0.010715,0.003024,0.231869,0.0747,549331.9588,549331.9588,9.602287574,2.412239478
155,Red spruce - Balsam fir forest,0.405704,0.179743,0.47872,0.212098,4.95726,2.197703,0.039016,2.197703,0.080796,0.035816,0.028504,0.012586,1.161588,0.514919,718363.4036,718363.4036,10.69975251,6.698286502
157,Loblolly pine - Shortleaf pine - Mixed hardwoods forest,0.138729,0.065943,0.163701,0.077812,1.479507,0.710573,0.034969,0.710573,0.024567,0.011784,0.015644,0.00723,0.353188,0.169373,776754.8617,776754.8617,13.5449437,6.073185833
161,Loblolly pine - Slash pine forest,0.065958,0.035562,0.07782,0.041965,0.697177,0.378243,0.017239,0.378243,0.011585,0.006281,0.007602,0.004036,0.166652,0.090324,385631.8539,385631.8539,6.747550823,3.522350955
162,Loblolly pine - Slash pine forest with commercial thin,0.170388,0.119009,0.201071,0.140429,1.939641,1.321723,0.03067,1.321723,0.031918,0.021823,0.015863,0.011975,0.458789,0.313702,644990.5303,644990.5303,10.2877182,7.121162848
164,Sand pine forest,0.110279,0.05816,0.130138,0.06863,1.253364,0.631167,0.020045,0.631167,0.020631,0.010455,0.01032,0.006257,0.296523,0.150294,426961.9894,426961.9894,,
165,Longleaf pine / Three-awned grass - Pitcher plant grassland,0.03806,0.022431,0.044917,0.026469,0.426256,0.234674,0.007543,0.234674,0.007032,0.003908,0.003727,0.002649,0.101055,0.056181,163322.0236,163322.0236,2.700530863,2.298179195
166,Longleaf pine / Three-awned grass - Pitcher plant savanna,0.184811,0.09884,0.218078,0.116629,2.037889,1.013707,0.03985,1.013707,0.033679,0.01693,0.01899,0.012237,0.484167,0.243388,871912.178,871912.178,14.71855401,11.64663461
168,Little gallberry - Fetterbush shrubland,5.808055,5.80662,6.853506,6.851815,72.400258,72.382885,0.4149,72.382885,1.17715,1.176864,0.368881,0.368776,16.921477,16.917397,6323189.351,6323189.351,,
170,Pond pine / Little gallberry - Fetterbush shrubland,1.687747,1.438136,1.991537,1.697004,21.078825,17.933323,0.116529,17.933323,0.34264,0.291565,0.106086,0.091163,4.925374,4.191219,1101133.089,1101133.089,12.05871307,11.66646783
173,Live oak / Sea oats savanna,0.015565,0.010024,0.018376,0.011824,0.160144,0.103303,0.004514,0.103303,0.002673,0.001723,0.001909,0.001226,0.038435,0.024786,103004.0506,103004.0506,1.818952073,1.156770842
174,Live oak - Sabal palm forest,0.161187,0.095278,0.190212,0.112432,1.742869,1.009263,0.038231,1.009263,0.028882,0.01678,0.017511,0.010926,0.415233,0.241171,847038.3721,847038.3721,11.60372648,5.641021584
175,Smooth cordgrass - Black needlerush grassland,1.02228,0.921441,1.206292,1.087294,12.827597,11.553632,0.06457,11.553632,0.208391,0.187715,0.06262,0.056684,2.995584,2.698338,519523.4274,519523.4274,4.33162,4.33162
176,Smooth Cordgrass - Black needlerush grassland with common reed invasion,2.40524,2.404763,2.838171,2.837621,30.028829,30.022845,0.167176,30.022845,0.488139,0.488042,0.151494,0.151468,7.016995,7.015605,2688551.354,2688551.354,5.45912,5.45912
180,Red maple - Oak - Hickory - Sweetgum forest,0.149677,0.065301,0.176611,0.077063,1.653846,0.724269,0.03193,0.724269,0.027329,0.011966,0.015294,0.006602,0.392817,0.17193,692248.8903,692248.8903,11.75055851,4.996338126
181,Pond pine forest,0.78725,0.644719,0.928959,0.76077,9.52082,7.788,0.085587,7.788,0.155403,0.12714,0.057999,0.04774,2.233884,1.827583,1636983.081,1636983.081,,
182,Longleaf pine - Slash pine / Saw palmetto - Gallberry forest,0.649324,0.454809,0.766194,0.536671,7.704236,5.293843,0.08547,5.293843,0.126061,0.08685,0.051893,0.039148,1.812183,1.248399,1715730.233,1715730.233,,
184,Longleaf pine / Turkey oak forest,0.095592,0.018376,0.112795,0.021679,0.998347,0.192305,0.026195,0.192305,0.016621,0.003197,0.011345,0.00217,0.239055,0.046034,590189.8966,590189.8966,10.37618026,1.972527042
185,Longleaf pine / Turkey oak forest with prescribed fire,0.028677,0.007343,0.033832,0.008659,0.299908,0.075614,0.007827,0.075614,0.004981,0.001262,0.003386,0.000893,0.071804,0.018142,176008.6518,176008.6518,3.093212718,0.848824935
186,Turkey oak - Bluejack oak forest,0.076592,0.023347,0.090376,0.027546,0.809742,0.259342,0.020008,0.259342,0.013466,0.004286,0.008821,0.002347,0.193546,0.061547,446634.9467,446634.9467,7.827575663,1.765780757
187,Longleaf pine / Yaupon forest,0.196544,0.121319,0.231918,0.143158,2.222676,1.320742,0.03684,1.320742,0.036606,0.021864,0.018694,0.012939,0.526214,0.314356,786493.1188,786493.1188,,
188,Sand pine - Oak forest,0.111794,0.054956,0.131917,0.064852,1.259648,0.59045,0.021405,0.59045,0.020759,0.009795,0.010753,0.006078,0.29837,0.140801,460558.4347,460558.4347,4.898870427,1.820797469
189,Sand pine - Oak forest with insects and disease,0.245684,0.120601,0.289905,0.142314,2.840476,1.361054,0.039818,1.361054,0.046644,0.022425,0.021673,0.011549,0.67046,0.322321,829618.9869,829618.9869,,
191,Longleaf pine - Slash pine / Gallberry forest,0.082589,0.058485,0.097466,0.06901,0.855741,0.598506,0.023319,0.598506,0.014262,0.009999,0.009989,0.007281,0.205149,0.143744,528503.1276,528503.1276,9.30393465,6.958992433
196,Loblolly pine / Bluestem forest,0.035698,0.028109,0.042123,0.033162,0.400871,0.316746,0.006965,0.316746,0.006612,0.005222,0.003467,0.002701,0.095,0.075027,145915.7461,145915.7461,2.483725466,1.899908618
203,Sawgrass - Muhlenbergia grassland,0.026897,0.024141,0.03174,0.028485,0.274689,0.24597,0.008003,0.24597,0.00459,0.00411,0.003365,0.003038,0.065993,0.059116,182451.9883,182451.9883,3.228427676,2.926477676
208,Grand fir - Douglas-fir forest,0.785758,0.207476,0.927211,0.244822,9.480172,2.408947,0.087703,2.408947,0.154779,0.039527,0.058514,0.018016,2.225033,0.568271,1547565.156,1547565.156,22.14654702,10.51841577
210,Pinyon - Juniper forest,0.054921,0.025964,0.064808,0.030645,0.60501,0.283928,0.011906,0.283928,0.009999,0.004696,0.005662,0.002731,0.143752,0.067534,257021.4571,257021.4571,4.404835723,2.188713379
211,Interior ponderosa pine forest,0.093984,0.034952,0.110911,0.041245,1.021469,0.399516,0.02176,0.399516,0.016924,0.006563,0.01007,0.00321,0.243178,0.094448,476874.2246,476874.2246,8.226401695,2.084532971
216,Gambel oak - bigtooth maple forest,0.249995,0.060649,0.295003,0.071563,2.81463,0.652237,0.048108,0.652237,0.046378,0.010815,0.02412,0.006684,0.666772,0.155517,1035629.607,1035629.607,17.04010416,5.64959414
217,Gambel oak - bigtooth maple forest with prescribed fire,0.102393,0.033448,0.120823,0.039476,1.129315,0.37296,0.022045,0.37296,0.018666,0.006157,0.010507,0.003328,0.268299,0.088473,482240.8265,482240.8265,10.09254434,2.829821982
218,Gambel oak / Sagebrush shrubland,0.069938,0.027341,0.082526,0.032263,0.77012,0.294209,0.015191,0.294209,0.012741,0.004884,0.007207,0.003011,0.183002,0.070141,332818.3571,332818.3571,,
219,Ponderosa pine - White fir / Trembling aspen forest,0.379416,0.201123,0.447701,0.23733,4.536202,2.412022,0.046493,2.412022,0.074157,0.039412,0.029373,0.015371,1.065925,0.566558,882450.9725,882450.9725,14.04834163,5.792141678
221,Wheatgrass - Ryegrass grassland,0.045678,0.006976,0.053899,0.008232,0.567668,0.083712,0.003426,0.083712,0.009235,0.001371,0.002953,0.000531,0.132722,0.019658,60985.46806,60985.46806,,
224,Trembling aspen forest,0.297229,0.151013,0.350731,0.178189,3.355171,1.756469,0.05631,1.756469,0.05526,0.028821,0.028436,0.013034,0.794534,0.414251,1184466.841,1184466.841,19.82029766,7.501768596
226,White fir - Gambel oak forest,0.378253,0.117931,0.446326,0.13916,4.404557,1.347211,0.05815,1.347211,0.072252,0.02216,0.03251,0.010843,1.038622,0.318512,1169700.805,1169700.805,18.54117181,7.072417367
227,White fir forest,0.31138,0.176546,0.367433,0.208326,3.664133,2.114556,0.044024,2.114556,0.060018,0.034554,0.025711,0.013569,0.862826,0.496766,862997.641,862997.641,16.5151722,6.106033632
230,Pinyon - Juniper forest with prescribed fire,0.048359,0.016137,0.057072,0.019043,0.534561,0.180793,0.010292,0.180793,0.00883,0.002983,0.004931,0.001583,0.126967,0.042861,224886.4331,224886.4331,4.839455522,1.162877626
231,Gambel oak - Juniper - Ponderosa pine forest,0.209915,0.128688,0.247696,0.151851,2.438951,1.478339,0.032825,1.478339,0.040025,0.024297,0.018188,0.01161,0.575293,0.349244,670827.2156,670827.2156,,
232,Mesquite savanna,0.009445,0.00864,0.011142,0.010197,0.096085,0.087842,0.002846,0.087842,0.00161,0.001473,0.001185,0.001091,0.023101,0.021115,64971.55871,64971.55871,1.151776242,1.055712785
235,Idaho fescue - Bluebunch wheatgrass grassland,0.014454,0.014448,0.017056,0.017039,0.146801,0.146738,0.004366,0.146738,0.002454,0.002451,0.001826,0.001829,0.035295,0.035277,99880.13108,99880.13108,1.771756177,1.77097499
236,Tobosa - Grama grassland,0.001499,0.001492,0.001766,0.001757,0.015214,0.015217,0.000439,0.015217,0.000248,0.000252,0.000185,0.000189,0.003656,0.003654,10202.29241,10202.29241,0.180705705,0.180705705
237,Vaccinium - Heather shrubland,0.030289,0.030185,0.035734,0.035624,0.30791,0.306909,0.009139,0.306909,0.005143,0.005135,0.003831,0.003813,0.074025,0.073783,208795.2891,208795.2891,3.702609244,3.690512627
238,Pacific silver fir - Mountain hemlock forest,0.767358,0.343887,0.905487,0.405793,9.454765,4.234088,0.065934,4.234088,0.153961,0.068946,0.05176,0.023277,2.213057,0.991153,957684.0289,957684.0289,11.88181878,5.475842596
240,Saw palmetto / Three-awned grass shrubland,0.217897,0.096398,0.257134,0.113742,2.576385,1.057578,0.029598,1.057578,0.042175,0.017495,0.017665,0.010055,0.606293,0.251447,600377.002,600377.002,8.091987281,8.034893981
243,Pitch pine / Scrub oak forest,0.08724,0.056331,0.102942,0.06647,0.98804,0.619366,0.016194,0.619366,0.016274,0.010238,0.00826,0.005838,0.23387,0.147208,345811.5686,345811.5686,9.248828325,4.566839086
264,Post oak - Blackjack oak forest,0.082921,0.032446,0.097843,0.038292,0.855206,0.333278,0.023807,0.333278,0.014267,0.00556,0.01013,0.004006,0.205166,0.079995,540475.9987,540475.9987,9.533037404,3.800630523
265,Balsam fir - White spruce - Mixed hardwoods forest,0.302726,0.134131,0.357215,0.158275,3.615141,1.587828,0.037509,1.587828,0.059101,0.025986,0.023552,0.010814,0.849627,0.373605,727375.0023,727375.0023,,
266,Sugar maple - Basswood forest,0.218474,0.090667,0.257802,0.106994,2.444125,1.041814,0.043618,1.041814,0.040321,0.01712,0.021515,0.00818,0.579514,0.246109,931168.6612,931168.6612,15.66568291,5.138411474
267,American beech - Yellow birch - Sugar maple - Red spruce forest,0.246992,0.10159,0.29146,0.119876,2.873366,1.19766,0.038259,1.19766,0.047139,0.019617,0.021302,0.008328,0.677651,0.281951,783242.5028,783242.5028,,
268,American beech - Yellow birch - Sugar maple - Eastern hemlock forest,0.46973,0.153585,0.554266,0.181236,5.627989,1.807983,0.056343,1.807983,0.091972,0.029618,0.036049,0.012668,1.322112,0.425717,976388.3785,976388.3785,15.18057618,6.562543967
269,Sugar maple - Yellow poplar - American beech - Oak forest,0.651558,0.170322,0.76884,0.200981,7.6784,1.969427,0.091017,1.969427,0.125767,0.032341,0.053496,0.015017,1.807739,0.46485,1717642.438,1717642.438,27.41426145,9.038287348
270,Red spruce - Fraser fir / Rhododendron forest,0.76501,0.589936,0.90271,0.696125,8.635481,6.523874,0.144962,6.523874,0.142261,0.107786,0.07319,0.060138,2.044944,1.549332,3077199.163,3077199.163,55.36462208,49.75709709
272,Red mangrove - Black mangrove forest,5.118692,5.107479,6.040052,6.026837,63.881325,63.758873,0.358216,63.758873,1.038491,1.036459,0.323069,0.321883,14.928216,14.899093,5449466.615,5449466.615,20.27261589,19.03219222
273,Engelmann spruce - Douglas-fir - White fir - Interior ponderosa pine forest,0.430534,0.148921,0.50803,0.175733,5.118846,1.720632,0.055613,1.720632,0.08373,0.028252,0.034114,0.013168,1.203722,0.406168,1048487.926,1048487.926,15.87777846,7.970335312
274,American beech - Sugar maple forest,0.226607,0.084356,0.267407,0.099535,2.52302,0.968535,0.046449,0.968535,0.041645,0.015916,0.022637,0.007624,0.598619,0.228818,1000150.853,1000150.853,,
275,Chestnut oak - White oak - Red oak forest,0.173331,0.094099,0.204541,0.111032,1.830708,0.982654,0.045471,0.982654,0.030445,0.016366,0.020014,0.011168,0.43764,0.235302,1015527.953,1015527.953,17.79985311,10.21467635
276,Oak - Pine - Magnolia forest,0.246876,0.039465,0.291318,0.046568,2.797132,0.426234,0.045744,0.426234,0.046059,0.007067,0.023334,0.004302,0.662041,0.101564,952362.0028,952362.0028,15.95290329,3.586409358
279,Black spruce - Northern white cedar - Larch forest,5.840682,5.789187,6.891995,6.83124,73.216204,72.634451,0.376198,72.634451,1.189562,1.179985,0.359767,0.354861,17.100068,16.962313,3641863.405,3641863.405,28.34967338,24.940311
280,Bluestem - Gulf cordgrass grassland,0.024606,0.024487,0.029042,0.028897,0.250087,0.248862,0.007445,0.248862,0.004188,0.004159,0.003113,0.003098,0.060129,0.059832,169906.3495,169906.3495,3.598780524,3.450726557
281,Shortleaf pine - Post oak - Black oak forest,0.146498,0.079153,0.172872,0.093398,1.631229,0.900603,0.030006,0.900603,0.026922,0.014819,0.01463,0.007373,0.387018,0.213035,644032.0204,644032.0204,10.88561774,4.925100043
282,Loblolly pine forest,0.29035,0.131287,0.3426,0.154916,3.398976,1.489788,0.042833,1.489788,0.055722,0.024529,0.024466,0.012346,0.800936,0.352539,878672.3712,878672.3712,,
283,Willow oak - Laurel oak - Water oak forest,0.16155,0.051944,0.190641,0.061292,1.723651,0.5715,0.040638,0.5715,0.028623,0.00945,0.018191,0.005375,0.411449,0.135817,902030.3193,902030.3193,15.7335156,4.198176497
284,Green ash - American elm - Silver maple - Cottonwood forest,0.182716,0.060343,0.215605,0.071206,2.041457,0.696064,0.036743,0.696064,0.033673,0.01143,0.018059,0.00537,0.484124,0.164347,790308.8949,790308.8949,16.27869353,3.407956797
286,Ponderosa pine - limber pine forest,0.398409,0.294076,0.470122,0.347015,4.855735,3.587963,0.039547,3.587963,0.07918,0.058501,0.028322,0.020804,1.138159,0.840891,657967.5812,657967.5812,11.64548146,6.253705744
287,Eastern white pine - Eastern hemlock forest,0.122078,0.03348,0.144047,0.039509,1.381558,0.386434,0.022774,0.386434,0.02275,0.006349,0.011583,0.002967,0.327057,0.091234,484018.8128,484018.8128,12.12700753,1.944332974
288,Bald-cypress - Water tupelo forest,0.145091,0.075595,0.171208,0.089203,1.67206,0.914159,0.024056,0.914159,0.027469,0.014926,0.01295,0.005573,0.394841,0.214489,478956.8415,478956.8415,7.978707882,2.026131706
289,Pond-cypress / Muhlenbergia - Sawgrass savanna,0.176063,0.047912,0.207749,0.056535,2.153841,0.552169,0.016665,0.552169,0.035101,0.00907,0.012289,0.004276,0.50461,0.130386,312883.2424,312883.2424,,
291,Longleaf pine - Slash pine / Saw palmetto forest,0.132254,0.108948,0.156068,0.128555,1.370397,1.113698,0.03735,1.113698,0.022842,0.01861,0.015994,0.013593,0.328535,0.267533,845186.7557,845186.7557,14.89596222,13.02281366
301,California Central Valley riparian woodland or shrubland,0.077029,0.014758,0.090899,0.017418,0.825316,0.157301,0.019027,0.157301,0.01369,0.002616,0.008574,0.001662,0.196882,0.037552,424300.9263,424300.9263,7.653528133,1.487277613
302,Intermountain montane subalpine riparian grassland,0.010658,0.010288,0.012579,0.012143,0.108391,0.104631,0.003209,0.104631,0.001816,0.001745,0.001336,0.001301,0.026063,0.025153,73343.11535,73343.11535,1.30028208,1.255846521
303,Warm desert riparian woodland or shrubland,0.056079,0.012707,0.066178,0.014997,0.608785,0.134505,0.01305,0.134505,0.010081,0.002236,0.006027,0.001454,0.144963,0.032141,289133.156,289133.156,4.905623542,1.264878694
304,Conifer swamp forest,0.634376,0.397628,0.748563,0.469203,7.725255,4.825479,0.063616,4.825479,0.12598,0.078729,0.045269,0.028843,1.810952,1.131699,1042903.185,1042903.185,14.33077062,9.814994378
305,Red alder forest,0.20697,0.107338,0.244217,0.126658,2.370753,1.262031,0.035772,1.262031,0.038976,0.020677,0.018869,0.008895,0.560292,0.297207,730456.4118,730456.4118,12.09683673,4.66091529
306,Knobcone pine forest,0.438438,0.262084,0.517363,0.309272,5.307281,3.184966,0.047165,3.184966,0.086618,0.051949,0.03216,0.018888,1.245101,0.746817,804268.1326,804268.1326,11.48703074,6.25438188
307,Palo verde ahrubland,0.002148,0.002099,0.002534,0.002484,0.021811,0.021375,0.000648,0.021375,0.000367,0.000353,0.000263,0.000267,0.005246,0.00514,14712.04525,14712.04525,0.403983023,0.403983023
308,Low sagebrush shrubland,0.016186,0.016182,0.019095,0.019097,0.165283,0.165284,0.004811,0.165284,0.002759,0.00276,0.002024,0.00202,0.039713,0.03971,109701.0565,109701.0565,1.940944547,1.940944547
309,Blackbrush shrubland,0.003501,0.003495,0.004131,0.004124,0.035593,0.035543,0.001054,0.035543,0.000593,0.000594,0.000433,0.000437,0.008554,0.008548,24082.81968,24082.81968,0.39134722,0.39134722
310,Greasewood shrubland,0.011624,0.011582,0.013712,0.013668,0.119702,0.119333,0.003351,0.119333,0.001993,0.001989,0.001416,0.001424,0.028726,0.028627,76169.65844,76169.65844,1.341465967,1.33759885
311,Salt-desert shrubland,0.007016,0.00701,0.008275,0.008272,0.072216,0.072193,0.002015,0.072193,0.001211,0.001206,0.000863,0.000858,0.017325,0.017322,46029.11012,46029.11012,0.810802341,0.810573232
312,Gambel oak woodland or shrubland,0.060931,0.022695,0.071891,0.02678,0.631753,0.241175,0.017147,0.241175,0.010528,0.004009,0.007352,0.002583,0.151431,0.057609,388535.7662,388535.7662,6.839313251,2.258323622
313,Mountain mahogany woodland or shrubland,0.025813,0.018312,0.030451,0.021603,0.273647,0.196492,0.006663,0.196492,0.004543,0.003257,0.002955,0.00203,0.06538,0.046867,149118.2295,149118.2295,2.598718777,1.726561594
314,Limber pine - Bristlecone pine forest,0.217406,0.164811,0.256536,0.194487,2.517651,1.935017,0.034833,1.935017,0.041333,0.031707,0.01906,0.013731,0.594123,0.455792,710755.3468,710755.3468,13.94133284,7.434819037
315,Interior alpine forb grassland,0.010155,0.0098,0.011979,0.011565,0.103136,0.099551,0.003066,0.099551,0.001731,0.001665,0.00128,0.00124,0.024797,0.023934,70134.46306,70134.46306,1.244031772,1.201502723
316,Northern California coastal shrubland,0.162781,0.162773,0.192084,0.192075,1.656272,1.656206,0.049019,1.656206,0.027692,0.027691,0.020525,0.020522,0.398147,0.398123,1118801.045,1118801.045,22.61846663,20.74146095
317,Rocky Mountain maple forest,0.112547,0.095027,0.132813,0.112123,1.336248,1.136819,0.014744,1.136819,0.02186,0.018581,0.008979,0.007334,0.314279,0.267105,268909.6032,268909.6032,4.249694254,3.154441754
318,Generic wetland grassland,0.052799,0.014093,0.062298,0.016629,0.639937,0.155989,0.005581,0.155989,0.01044,0.00258,0.003841,0.001432,0.150106,0.037038,107907.1765,107907.1765,1.249712663,1.1262042
319,Avalanche and landslide chute forest,0.035779,0.023651,0.042227,0.027912,0.387062,0.261742,0.008446,0.261742,0.006412,0.004322,0.003873,0.002405,0.092206,0.062152,186729.1114,186729.1114,3.216733655,1.838911479
320,Western larch forest,0.356485,0.217331,0.420651,0.256455,4.246211,2.585228,0.045278,2.585228,0.069443,0.042284,0.028037,0.017189,0.998277,0.607889,855688.0456,855688.0456,16.06402285,8.979413752
321,Western hemlock - Alaska cedar forest,0.49855,0.259906,0.588287,0.306689,6.057717,3.153825,0.051354,3.153825,0.098812,0.051453,0.035958,0.018858,1.420461,0.739662,945058.2307,945058.2307,,
322,Sitka spruce - Western hemlock forest,0.939518,0.733596,1.10863,0.865644,11.465156,9.049138,0.091808,9.049138,0.186918,0.147323,0.0664,0.049203,2.686948,2.117799,1650757.692,1650757.692,,
323,Trembling aspen / Sagebrush boreal woodland,0.033638,0.022653,0.03969,0.026731,0.34998,0.23316,0.009351,0.23316,0.005832,0.003893,0.00403,0.002785,0.083861,0.055955,211773.5081,211773.5081,,
324,White spruce woodland,1.163239,1.146776,1.372622,1.353197,14.487671,14.308679,0.084362,14.308679,0.235574,0.232613,0.074227,0.072463,3.386451,3.343838,1426018.852,1426018.852,,
325,White spruce - Mountain hemlock forest,0.314901,0.145697,0.371576,0.171926,3.793709,1.766933,0.035697,1.766933,0.061956,0.028829,0.023592,0.010601,0.890576,0.414427,667403.3328,667403.3328,,
326,Willow - Birch shrubland,0.036928,0.026942,0.043567,0.031794,0.404259,0.27942,0.008254,0.27942,0.006683,0.004657,0.003867,0.003252,0.096145,0.06697,181524.2359,181524.2359,,
327,Sedge - shrub bog,1.262356,1.26064,1.489583,1.48756,15.767931,15.746418,0.086971,15.746418,0.256294,0.255951,0.079299,0.079194,3.684347,3.679323,1439994.39,1439994.39,,
328,Conifer peatland savanna,1.267729,1.265368,1.495926,1.493136,15.823647,15.795522,0.088475,15.795522,0.257234,0.256775,0.079943,0.079762,3.697705,3.691089,1471934.489,1471934.489,,
329,Mountain heath tundra shrubland,0.039146,0.03364,0.046198,0.039703,0.412812,0.344013,0.010331,0.344013,0.006863,0.00575,0.004538,0.004197,0.098717,0.082634,232405.1709,232405.1709,,
330,American dunegrass grassland,0.008944,0.003304,0.010567,0.003901,0.104166,0.033638,0.001375,0.033638,0.001701,0.00056,0.000761,0.000418,0.024572,0.008088,28681.5952,28681.5952,,
331,Sitka alder - Salmonberry shrubland,0.148654,0.072977,0.175418,0.086119,1.726912,0.780549,0.023263,0.780549,0.028341,0.012962,0.012891,0.008158,0.407355,0.186257,484445.584,484445.584,,
332,Balsam poplar - Paper birch forest,0.296183,0.094144,0.349496,0.111091,3.465829,1.117409,0.043843,1.117409,0.056813,0.018278,0.024987,0.007517,0.816736,0.262821,895012.221,895012.221,,
333,Dryas tundra shrubland,0.007774,0.007775,0.009173,0.009174,0.079131,0.079131,0.002341,0.079131,0.001329,0.001321,0.000975,0.000978,0.019024,0.019023,53512.18491,53512.18491,,
334,Cassiope dwarf tundra shrubland,0.035423,0.029886,0.041807,0.035269,0.374676,0.305462,0.009241,0.305462,0.006225,0.005105,0.00407,0.003733,0.089546,0.073376,207528.5678,207528.5678,,
335,Sweetgale shrubland,0.756041,0.698364,0.892118,0.824075,9.431393,8.710217,0.053306,8.710217,0.15333,0.141605,0.047818,0.044226,2.204106,2.035622,905272.2232,905272.2232,,
336,Alaskan Tidal marsh grassland,0.047599,0.006594,0.056171,0.007777,0.58321,0.070389,0.004416,0.070389,0.009498,0.001168,0.003299,0.000739,0.136606,0.016797,82860.91182,82860.91182,,
337,Alaskan freshwater marsh grassland,0.047599,0.006594,0.056171,0.007777,0.58321,0.070389,0.004416,0.070389,0.009498,0.001168,0.003299,0.000739,0.136606,0.016797,82860.91182,82860.91182,,
338,Alaskan wet meadow grassland,0.024014,0.010389,0.028341,0.012262,0.279072,0.108678,0.003753,0.108678,0.004573,0.001806,0.002079,0.001224,0.065822,0.026017,78177.24994,78177.24994,,
339,Alaskan herbaceous wet meadow grassland,0.020436,0.006812,0.024125,0.008043,0.242673,0.072269,0.002677,0.072269,0.003965,0.001201,0.001618,0.00078,0.05707,0.017266,53955.75963,53955.75963,,
401,Recently logged timberland - Shrubland cover,0.21095,0.152607,0.248923,0.180072,2.487942,1.761053,0.029278,1.761053,0.040736,0.028924,0.017271,0.013554,0.58568,0.415772,567952.3076,567952.3076,11.12984167,9.743517194
402,Recently logged timberland - Woodland cover,0.330388,0.266456,0.38985,0.314417,3.840168,3.050086,0.051497,3.050086,0.063012,0.05015,0.028574,0.024332,0.90576,0.720903,1039630.891,1039630.891,,
403,Ouachita montane oak forest,0.032669,0.018921,0.038563,0.022324,0.346617,0.196981,0.008405,0.196981,0.005761,0.00328,0.00372,0.002264,0.0828,0.047189,188502.6956,188502.6956,3.811754387,1.809800092
404,Southern and Central Appalachian cove forest,0.367212,0.140001,0.433313,0.165201,4.055226,1.590868,0.078589,1.590868,0.067008,0.026181,0.037594,0.013108,0.963252,0.376386,1701099.459,1701099.459,28.94568567,8.818506923
405,Central and Southern Appalachian montane oak forest,0.072853,0.045132,0.085971,0.053259,0.756176,0.463673,0.020431,0.463673,0.012602,0.007745,0.008765,0.005568,0.181236,0.111293,462866.5888,462866.5888,8.956608599,5.387287287
406,West Gulf Coastal Plain mesic hardwood forest,0.155911,0.036132,0.183979,0.04264,1.66745,0.390506,0.038828,0.390506,0.027679,0.006477,0.017445,0.003929,0.397896,0.093042,861451.1098,861451.1098,14.98768517,3.271697717
407,Southern Coastal Plain dry upland hardwood forest,0.139888,0.055751,0.165078,0.065778,1.480447,0.60678,0.036397,0.60678,0.024615,0.010049,0.016074,0.005943,0.353801,0.144423,814531.6204,814531.6204,14.2232632,4.833281322
408,Eastern Great Plains tallgrass aspen parkland,0.089156,0.051021,0.105201,0.060213,0.996683,0.573072,0.017867,0.573072,0.016436,0.00945,0.008796,0.004968,0.23634,0.135804,382051.0286,382051.0286,6.64278503,3.648378223
409,Appalachian shale barren woodland and grassland,0.032135,0.008865,0.037915,0.010458,0.364614,0.095482,0.005893,0.095482,0.005997,0.001584,0.00301,0.00097,0.086292,0.022758,126171.72,126171.72,2.187688391,0.865498871
410,Southern Appalachian montane pine forest and woodland,0.134484,0.083524,0.158686,0.098556,1.481998,0.873144,0.029088,0.873144,0.024501,0.014545,0.013848,0.009894,0.35212,0.209051,636280.0546,636280.0546,13.69912055,9.434340424
411,Edwards Plateau limestone savanna and woodland,0.026717,0.017238,0.031518,0.020343,0.27601,0.177527,0.007623,0.177527,0.004601,0.002958,0.003253,0.00211,0.066199,0.042601,172992.3215,172992.3215,3.05024654,1.995391684
412,Acadian - Appalachian alpine and subalpine woodlands and barrens,0.074465,0.034715,0.087859,0.040964,0.864924,0.371401,0.011657,0.371401,0.014203,0.006161,0.006454,0.003884,0.20402,0.088618,242737.525,242737.525,4.198812259,3.393835667
413,Northern oak barren woodland and grassland,0.067075,0.032196,0.079148,0.037999,0.72506,0.355331,0.015918,0.355331,0.012015,0.005874,0.007289,0.003304,0.172744,0.08441,350838.8475,350838.8475,6.060853092,2.550769298
414,Nashville Basin limestone glade and woodland,0.0393,0.019217,0.046382,0.022671,0.411865,0.198742,0.010631,0.198742,0.006851,0.003312,0.004621,0.002328,0.098574,0.047655,239816.5366,239816.5366,4.341673013,2.279175219
415,Cumberland sandstone glade and barrens,0.009559,0.005796,0.011285,0.006835,0.104411,0.058883,0.002151,0.058883,0.00173,0.000984,0.001011,0.000731,0.024842,0.014156,47582.00664,47582.00664,,
416,Calcareous glade and woodland,0.025034,0.008707,0.029529,0.010271,0.281896,0.091776,0.004791,0.091776,0.004645,0.001525,0.002399,0.001005,0.066778,0.021946,103383.2949,103383.2949,1.755035239,0.931909205
417,West Gulf Coastal Plain glade and barrens,0.007778,0.003152,0.009172,0.003716,0.087979,0.032006,0.001444,0.032006,0.001432,0.000538,0.000737,0.000398,0.020827,0.00769,31072.28229,31072.28229,0.674196101,0.491541401
418,Great Lakes alvar savanna and shrubland,0.019397,0.006931,0.022878,0.008175,0.224651,0.074036,0.003097,0.074036,0.003682,0.001231,0.001698,0.000776,0.053011,0.017673,64834.12056,64834.12056,1.527955793,0.694176578
419,Llano Uplift acidic woodland and glade,0.029636,0.016683,0.034973,0.019685,0.315133,0.173037,0.007557,0.173037,0.005226,0.002885,0.003356,0.002014,0.075255,0.041473,169283.8131,169283.8131,3.024155783,1.926643687
420,Great Lakes wet-mesic lakeplain prairie grassland,0.054111,0.012398,0.063849,0.01463,0.647712,0.12615,0.006556,0.12615,0.010582,0.002107,0.004169,0.001559,0.152177,0.030324,130030.9847,130030.9847,,
421,Bluegrass savanna and woodland,0.068379,0.024929,0.080694,0.02942,0.706144,0.256806,0.019546,0.256806,0.011779,0.004289,0.008337,0.003057,0.169368,0.061618,443774.6473,443774.6473,8.280114158,3.315493351
422,Arkansas Valley prairie and woodland,0.05705,0.008605,0.067322,0.01016,0.678327,0.087652,0.00737,0.087652,0.01109,0.001463,0.004522,0.001085,0.159508,0.021065,148288.7043,148288.7043,2.681660378,1.534497788
423,Highland Rim prairie and barrens,0.057809,0.008605,0.068204,0.01016,0.686051,0.087652,0.007591,0.087652,0.011222,0.001463,0.00461,0.001085,0.161362,0.021065,153276.4827,153276.4827,2.870584066,1.494446134
424,Southern Coastal Plain nonriverine cypress dome forest,0.170763,0.089793,0.201499,0.105946,1.969155,1.057224,0.028196,1.057224,0.032347,0.017312,0.015203,0.007392,0.464956,0.248929,588192.7721,588192.7721,9.330372501,3.823330919
425,Coastal Plain seepage swamp and baygall forest,0.19229,0.074614,0.22689,0.088044,2.031188,0.803237,0.050408,0.803237,0.033781,0.013315,0.0222,0.008207,0.48556,0.191487,1126084.724,1126084.724,19.7345206,6.911715821
426,Tamaulipan riparian forest,0.067715,0.022724,0.07991,0.026813,0.719787,0.255377,0.017303,0.255377,0.011952,0.004214,0.007702,0.002202,0.171905,0.06051,384597.5733,384597.5733,6.730166839,1.572692683
427,Laurentian - Acadian alkaline swamp forest,0.887012,0.66663,1.046667,0.786626,10.948036,8.235311,0.074283,8.235311,0.178225,0.134056,0.059305,0.044376,2.562007,1.926973,1024112.788,1024112.788,12.78911814,9.247047417
428,Melaleuca quinquenervia forest,0.180076,0.028532,0.212496,0.033675,2.057083,0.333095,0.031679,0.333095,0.033827,0.005462,0.016561,0.002432,0.486334,0.078513,672869.9961,672869.9961,12.52970344,2.577495938
429,Introduced upland vegetation - Treed,0.12279,0.052221,0.144894,0.061618,1.320548,0.583586,0.029834,0.583586,0.021908,0.009629,0.013536,0.00516,0.314861,0.138384,658327.6766,658327.6766,11.43571722,3.774204921
430,Mississippi River alluvial plain loess slope forest,0.189463,0.088821,0.223566,0.104809,2.131737,1.006772,0.036589,1.006772,0.035127,0.016574,0.018317,0.008391,0.505035,0.238279,779549.1303,779549.1303,13.53064322,5.435540407
431,East Gulf Coastal Plain limestone forest,0.167914,0.070836,0.19813,0.083583,1.872927,0.787598,0.034066,0.787598,0.030908,0.013003,0.016683,0.007107,0.444256,0.186902,734931.9897,734931.9897,13.11014168,5.413718142
432,South Florida hardwood hammock forest,0.142402,0.077076,0.16803,0.090942,1.628323,0.8666,0.024892,0.8666,0.026776,0.014287,0.013052,0.007468,0.384925,0.205325,521811.1424,521811.1424,8.272101891,4.355495661
433,Atlantic Coastal Plain maritime grassland and woodland,0.030242,0.023667,0.035692,0.027922,0.321706,0.246638,0.007698,0.246638,0.005346,0.004111,0.003431,0.002818,0.076822,0.059075,172347.8773,172347.8773,3.065887459,2.69061925
434,Mississippi River dune woodland and forest,0.059927,0.024907,0.070713,0.029391,0.651136,0.269968,0.013886,0.269968,0.010777,0.004471,0.006413,0.002693,0.155015,0.064297,306289.0393,306289.0393,5.343813435,2.03648817
435,Tamaulipan clay grassland,0.009537,0.0062,0.011258,0.007312,0.104472,0.062994,0.002126,0.062994,0.001718,0.001055,0.00099,0.000786,0.024848,0.015145,46821.32445,46821.32445,0.957719713,0.869433229
436,South Texas sand sheet grassland,0.012211,0.012219,0.014406,0.014417,0.124101,0.124106,0.003698,0.124106,0.002075,0.002077,0.001538,0.001544,0.02984,0.029839,84433.45149,84433.45149,1.497751,1.497751
437,South Texas dune and coastal grassland,0.012211,0.012219,0.014406,0.014417,0.124101,0.124106,0.003698,0.124106,0.002075,0.002077,0.001538,0.001544,0.02984,0.029839,84433.45149,84433.45149,1.497751,1.497751
438,South Florida cypress dome forest,1.568337,1.541785,1.850629,1.819297,19.511384,19.235284,0.115913,19.235284,0.317315,0.312709,0.100669,0.097479,4.561376,4.495218,1947885.4,1947885.4,7.713420903,4.560578159
439,Carolina bay savanna,0.032569,0.016996,0.038428,0.020055,0.365699,0.176209,0.006357,0.176209,0.006039,0.002937,0.003169,0.002052,0.086653,0.042242,137404.7828,137404.7828,2.503719561,2.022349048
440,Caribbean swamp forest,0.182996,0.098457,0.215935,0.116176,2.150364,1.189859,0.026178,1.189859,0.035234,0.019427,0.015196,0.007273,0.506464,0.279201,529148.6689,529148.6689,8.00673091,2.675926159
441,Central Interior and Appalachian swamp forest,0.217043,0.089003,0.256118,0.105019,2.642445,1.049753,0.021835,1.049753,0.043095,0.017189,0.01552,0.007284,0.619462,0.247114,408821.1895,408821.1895,6.617080612,5.146802548
442,Great Plains prairie pothole grassland,0.098357,0.016786,0.11606,0.019803,1.194015,0.170975,0.010241,0.170975,0.019485,0.002858,0.007122,0.002114,0.280008,0.041093,169215.0891,169215.0891,2.410163088,2.035851382
443,Eastern Great Plains marsh grassland,0.100901,0.017414,0.119056,0.020556,1.236202,0.192323,0.009359,0.192323,0.020141,0.003175,0.006997,0.001784,0.289568,0.04568,175224.8084,175224.8084,2.410163088,2.035851382
445,Central Interior and Appalachian wetland grassland,0.322965,0.127021,0.381094,0.149886,4.011667,1.561546,0.024498,1.561546,0.065251,0.02543,0.0209,0.008661,0.938029,0.365613,431914.9113,431914.9113,3.01542623,3.01542623
448,Atlantic Coastal Plain nonriverine swamp forest,0.258544,0.159942,0.305073,0.188734,2.900483,1.776119,0.050794,1.776119,0.047832,0.029328,0.025222,0.016104,0.68745,0.421555,1071171.956,1071171.956,18.13263347,12.12022111
449,North-central Interior wet flatwoods forest,0.21868,0.071429,0.258043,0.084289,2.515207,0.830715,0.036745,0.830715,0.041329,0.013624,0.019652,0.006166,0.594095,0.195923,768383.2312,768383.2312,13.95955996,4.075950491
450,Edwards Plateau slope forest and woodland,0.067086,0.024218,0.079152,0.028573,0.723123,0.257133,0.016117,0.257133,0.011982,0.004269,0.007335,0.002754,0.172352,0.061423,357198.2447,357198.2447,6.16166558,2.419592425
451,Edwards Plateau mesic canyon forest,0.103111,0.038312,0.121668,0.045209,1.175244,0.423252,0.018406,0.423252,0.01933,0.006996,0.009551,0.003915,0.277942,0.100535,390087.9751,390087.9751,,
453,Ruderal upland - Old field grassland,0.030655,0.025145,0.036166,0.029674,0.313054,0.256538,0.009114,0.256538,0.005225,0.004286,0.003835,0.00315,0.075205,0.061644,207743.2774,207743.2774,3.675642476,3.031842455
454,Ruderal forest - Northern and Central hardwood and conifer,0.160833,0.078408,0.189791,0.092519,1.763405,0.895374,0.035711,0.895374,0.029178,0.01473,0.016808,0.007218,0.419293,0.21169,771383.6671,771383.6671,13.31195151,4.719108221
455,Managed tree plantation - Northern and Central ,0.241369,0.114624,0.284815,0.135257,2.836664,1.373633,0.034495,1.373633,0.046479,0.022449,0.020031,0.008787,0.668082,0.322682,668635.7362,668635.7362,10.54195783,3.691887173
456,Introduced wetland vegetation - Tree,0.151836,0.083198,0.179148,0.098177,1.7297,0.934965,0.027183,0.934965,0.028457,0.015416,0.014089,0.008073,0.409089,0.221544,572724.1614,572724.1614,7.775622496,3.542397297
457,South Florida coastal strand and maritime hammock forest,0.615706,0.401061,0.726529,0.473256,7.46125,4.836357,0.065423,4.836357,0.121756,0.078964,0.044948,0.029927,1.750187,1.13518,1240364.74,1240364.74,11.22735579,7.398044264
458,South Texas lomas shrubland,0.10719,0.10718,0.126492,0.126474,1.090605,1.090423,0.032283,1.090423,0.018236,0.018236,0.01352,0.013515,0.26217,0.26212,737141.7203,737141.7203,13.04203575,13.04150726
900,Water,0.280515,0.20167,0.331,0.237963,3.163535,2.316856,0.053453,2.316856,0.052125,0.038071,0.026915,0.018192,0.749246,0.54733,1136815.013,1136815.013,18.85471957,11.44738059
