,id,event_id,latitude,longitude,utc_offset,source,type,date_time,event_name,fccs_number,fuelbed_fractions,heat,pm2.5,pm10,co,co2,ch4,nh3,so2,voc,nox,consumption_total,consumption_flaming,consumption_smoldering,consumption_residual,area,elevation,slope,moisture_1hr,moisture_10hr,moisture_100hr,moisture_1khr,moisture_live,moisture_duff,canopy_consumption_pct,min_wind,max_wind,min_wind_aloft,max_wind_aloft,min_humid,max_humid,min_temp,max_temp,min_temp_hour,max_temp_hour,sunrise_hour,sunset_hour,snow_month,rain_days,state,county,country,geometry,index_right,STATEFP,COUNTYFP,GEOID,NAME,FIPS
4701,202309210000_202309272359_116958026-282923501,,39.03511,-111.3601,-06:00,VIIRSNOAA375,WF,20230927,,308.0,308 0.5; 210 0.25; 313 0.25,,,,,,,,,,,,,,,34.46788990825688,,,,,,,,,,,,,,,,,,,,,,,,,,,POINT (-111.3601 39.03511),169,49,039,49039,Sanpete,49039
4702,202309210000_202309272359_116958026-282923501,,39.03341,-111.3615,-06:00,VIIRSNOAA375,WF,20230927,,308.0,308 0.5; 210 0.25; 313 0.25,,,,,,,,,,,,,,,9.732110091743118,,,,,,,,,,,,,,,,,,,,,,,,,,,POINT (-111.3615 39.03341),169,49,039,49039,Sanpete,49039
4704,202309210000_202309272359_116958026-282923501,,39.03511,-111.3601,-06:00,VIIRSNOAA375,WF,20230928,,308.0,308 0.5; 210 0.25; 313 0.25,,,,,,,,,,,,,,,34.46788990825688,,,,,,,,,,,,,,,,,,,,,,,,,,,POINT (-111.3601 39.03511),169,49,039,49039,Sanpete,49039
4705,202309210000_202309272359_116958026-282923501,,39.03341,-111.3615,-06:00,VIIRSNOAA375,WF,20230928,,308.0,308 0.5; 210 0.25; 313 0.25,,,,,,,,,,,,,,,9.732110091743118,,,,,,,,,,,,,,,,,,,,,,,,,,,POINT (-111.3615 39.03341),169,49,039,49039,Sanpete,49039
4707,202309210000_202309272359_116958026-282923501,,39.03511,-111.3601,-06:00,VIIRSNOAA375,WF,20230929,,308.0,308 0.5; 210 0.25; 313 0.25,,,,,,,,,,,,,,,34.46788990825688,,,,,,,,,,,,,,,,,,,,,,,,,,,POINT (-111.3601 39.03511),169,49,039,49039,Sanpete,49039
4708,202309210000_202309272359_116958026-282923501,,39.03341,-111.3615,-06:00,VIIRSNOAA375,WF,20230929,,308.0,308 0.5; 210 0.25; 313 0.25,,,,,,,,,,,,,,,9.732110091743118,,,,,,,,,,,,,,,,,,,,,,,,,,,POINT (-111.3615 39.03341),169,49,039,49039,Sanpete,49039
4710,202309210000_202309272359_116958026-282923501,,39.03511,-111.3601,-06:00,VIIRSNOAA375,WF,20230930,,308.0,308 0.5; 210 0.25; 313 0.25,,,,,,,,,,,,,,,34.46788990825688,,,,,,,,,,,,,,,,,,,,,,,,,,,POINT (-111.3601 39.03511),169,49,039,49039,Sanpete,49039
4711,202309210000_202309272359_116958026-282923501,,39.03341,-111.3615,-06:00,VIIRSNOAA375,WF,20230930,,308.0,308 0.5; 210 0.25; 313 0.25,,,,,,,,,,,,,,,9.732110091743118,,,,,,,,,,,,,,,,,,,,,,,,,,,POINT (-111.3615 39.03341),169,49,039,49039,Sanpete,49039
4713,202309210000_202309272359_116958026-282923501,,39.03511,-111.3601,-06:00,VIIRSNOAA375,WF,20231001,,308.0,308 0.5; 210 0.25; 313 0.25,,,,,,,,,,,,,,,34.46788990825688,,,,,,,,,,,,,,,,,,,,,,,,,,,POINT (-111.3601 39.03511),169,49,039,49039,Sanpete,49039
4714,202309210000_202309272359_116958026-282923501,,39.03341,-111.3615,-06:00,VIIRSNOAA375,WF,20231001,,308.0,308 0.5; 210 0.25; 313 0.25,,,,,,,,,,,,,,,9.732110091743118,,,,,,,,,,,,,,,,,,,,,,,,,,,POINT (-111.3615 39.03341),169,49,039,49039,Sanpete,49039
5035,202309210000_202309272359_282911152-282918354,,40.0115,-122.123,-07:00,VIIRS750,WF,20230927,,,,,,,,,,,,,,,,,,103.33333333333331,,,,,,,,,,,,,,,,,,,,,,,,,,,POINT (-122.123 40.0115),133,06,103,06103,Tehama,06103
5036,202309210000_202309272359_282911152-282918354,,40.0115,-122.123,-07:00,VIIRS750,WF,20230928,,,,,,,,,,,,,,,,,,103.33333333333331,,,,,,,,,,,,,,,,,,,,,,,,,,,POINT (-122.123 40.0115),133,06,103,06103,Tehama,06103
5037,202309210000_202309272359_282911152-282918354,,40.0115,-122.123,-07:00,VIIRS750,WF,20230929,,,,,,,,,,,,,,,,,,103.33333333333331,,,,,,,,,,,,,,,,,,,,,,,,,,,POINT (-122.123 40.0115),133,06,103,06103,Tehama,06103
5038,202309210000_202309272359_282911152-282918354,,40.0115,-122.123,-07:00,VIIRS750,WF,20230930,,,,,,,,,,,,,,,,,,103.33333333333331,,,,,,,,,,,,,,,,,,,,,,,,,,,POINT (-122.123 40.0115),133,06,103,06103,Tehama,06103
5039,202309210000_202309272359_282911152-282918354,,40.0115,-122.123,-07:00,VIIRS750,WF,20231001,,,,,,,,,,,,,,,,,,103.33333333333331,,,,,,,,,,,,,,,,,,,,,,,,,,,POINT (-122.123 40.0115),133,06,103,06103,Tehama,06103
5080,202309210000_202309272359_282924275-282924275,,40.32785,-111.0939,-06:00,VIIRSNOAA375,WF,20230927,,224.0,224 0.75; 42 0.25,,,,,,,,,,,,,,,22.1,,,,,,,,,,,,,,,,,,,,,,,,,,,POINT (-111.0939 40.32785),176,49,051,49051,Wasatch,49051
5081,202309210000_202309272359_282924275-282924275,,40.32785,-111.0939,-06:00,VIIRSNOAA375,WF,20230928,,224.0,224 0.75; 42 0.25,,,,,,,,,,,,,,,22.1,,,,,,,,,,,,,,,,,,,,,,,,,,,POINT (-111.0939 40.32785),176,49,051,49051,Wasatch,49051
5082,202309210000_202309272359_282924275-282924275,,40.32785,-111.0939,-06:00,VIIRSNOAA375,WF,20230929,,224.0,224 0.75; 42 0.25,,,,,,,,,,,,,,,22.1,,,,,,,,,,,,,,,,,,,,,,,,,,,POINT (-111.0939 40.32785),176,49,051,49051,Wasatch,49051
5083,202309210000_202309272359_282924275-282924275,,40.32785,-111.0939,-06:00,VIIRSNOAA375,WF,20230930,,224.0,224 0.75; 42 0.25,,,,,,,,,,,,,,,22.1,,,,,,,,,,,,,,,,,,,,,,,,,,,POINT (-111.0939 40.32785),176,49,051,49051,Wasatch,49051
5084,202309210000_202309272359_282924275-282924275,,40.32785,-111.0939,-06:00,VIIRSNOAA375,WF,20231001,,224.0,224 0.75; 42 0.25,,,,,,,,,,,,,,,22.1,,,,,,,,,,,,,,,,,,,,,,,,,,,POINT (-111.0939 40.32785),176,49,051,49051,Wasatch,49051
5085,202309210000_202309272359_282924274-282924274,,40.32882,-111.0895,-06:00,VIIRSNOAA375,WF,20230927,,224.0,224 0.75; 42 0.25,,,,,,,,,,,,,,,22.1,,,,,,,,,,,,,,,,,,,,,,,,,,,POINT (-111.0895 40.32882),176,49,051,49051,Wasatch,49051
5086,202309210000_202309272359_282924274-282924274,,40.32882,-111.0895,-06:00,VIIRSNOAA375,WF,20230928,,224.0,224 0.75; 42 0.25,,,,,,,,,,,,,,,22.1,,,,,,,,,,,,,,,,,,,,,,,,,,,POINT (-111.0895 40.32882),176,49,051,49051,Wasatch,49051
5087,202309210000_202309272359_282924274-282924274,,40.32882,-111.0895,-06:00,VIIRSNOAA375,WF,20230929,,224.0,224 0.75; 42 0.25,,,,,,,,,,,,,,,22.1,,,,,,,,,,,,,,,,,,,,,,,,,,,POINT (-111.0895 40.32882),176,49,051,49051,Wasatch,49051
5088,202309210000_202309272359_282924274-282924274,,40.32882,-111.0895,-06:00,VIIRSNOAA375,WF,20230930,,224.0,224 0.75; 42 0.25,,,,,,,,,,,,,,,22.1,,,,,,,,,,,,,,,,,,,,,,,,,,,POINT (-111.0895 40.32882),176,49,051,49051,Wasatch,49051
5089,202309210000_202309272359_282924274-282924274,,40.32882,-111.0895,-06:00,VIIRSNOAA375,WF,20231001,,224.0,224 0.75; 42 0.25,,,,,,,,,,,,,,,22.1,,,,,,,,,,,,,,,,,,,,,,,,,,,POINT (-111.0895 40.32882),176,49,051,49051,Wasatch,49051
5090,202309210000_202309272359_282877673-282906577,,40.52093,-121.5637,-07:00,HMS_VIIRS_NOAA,WF,20230927,,7.0,7 0.75; 17 0.25,,,,,,,,,,,,,,,8.179464882943142,,,,,,,,,,,,,,,,,,,,,,,,,,,POINT (-121.5637 40.52093),63,06,089,06089,Shasta,06089
5091,202309210000_202309272359_282877673-282906577,,40.52298,-121.5647,-07:00,HMS_VIIRS_NOAA,WF,20230927,,7.0,7 1.0,,,,,,,,,,,,,,,4.576454849498328,,,,,,,,,,,,,,,,,,,,,,,,,,,POINT (-121.5647 40.52298),63,06,089,06089,Shasta,06089
5092,202309210000_202309272359_282877673-282906577,,40.52394,-121.5684,-07:00,HMS_VIIRS_NOAA,WF,20230927,,7.0,7 1.0,,,,,,,,,,,,,,,11.92153846153846,,,,,,,,,,,,,,,,,,,,,,,,,,,POINT (-121.5684 40.52394),63,06,089,06089,Shasta,06089
5093,202309210000_202309272359_282877673-282906577,,40.52856,-121.5654,-07:00,HMS_VIIRS_NOAA,WF,20230927,,7.0,7 1.0,,,,,,,,,,,,,,,8.179464882943142,,,,,,,,,,,,,,,,,,,,,,,,,,,POINT (-121.5654 40.52856),63,06,089,06089,Shasta,06089
5094,202309210000_202309272359_282877673-282906577,,40.52434,-121.5716,-07:00,HMS_VIIRS_NOAA,WF,20230927,,7.0,7 1.0,,,,,,,,,,,,,,,11.92153846153846,,,,,,,,,,,,,,,,,,,,,,,,,,,POINT (-121.5716 40.52434),63,06,089,06089,Shasta,06089
5095,202309210000_202309272359_282877673-282906577,,40.52553,-121.5665,-07:00,HMS_VIIRS_NOAA,WF,20230927,,7.0,7 1.0,,,,,,,,,,,,,,,11.92153846153846,,,,,,,,,,,,,,,,,,,,,,,,,,,POINT (-121.5665 40.52553),63,06,089,06089,Shasta,06089
5096,202309210000_202309272359_282877673-282906577,,40.52093,-121.5637,-07:00,HMS_VIIRS_NOAA,WF,20230928,,7.0,7 0.75; 17 0.25,,,,,,,,,,,,,,,8.179464882943142,,,,,,,,,,,,,,,,,,,,,,,,,,,POINT (-121.5637 40.52093),63,06,089,06089,Shasta,06089
5097,202309210000_202309272359_282877673-282906577,,40.52298,-121.5647,-07:00,HMS_VIIRS_NOAA,WF,20230928,,7.0,7 1.0,,,,,,,,,,,,,,,4.576454849498328,,,,,,,,,,,,,,,,,,,,,,,,,,,POINT (-121.5647 40.52298),63,06,089,06089,Shasta,06089
5098,202309210000_202309272359_282877673-282906577,,40.52394,-121.5684,-07:00,HMS_VIIRS_NOAA,WF,20230928,,7.0,7 1.0,,,,,,,,,,,,,,,11.92153846153846,,,,,,,,,,,,,,,,,,,,,,,,,,,POINT (-121.5684 40.52394),63,06,089,06089,Shasta,06089
5099,202309210000_202309272359_282877673-282906577,,40.52856,-121.5654,-07:00,HMS_VIIRS_NOAA,WF,20230928,,7.0,7 1.0,,,,,,,,,,,,,,,8.179464882943142,,,,,,,,,,,,,,,,,,,,,,,,,,,POINT (-121.5654 40.52856),63,06,089,06089,Shasta,06089
5100,202309210000_202309272359_282877673-282906577,,40.52434,-121.5716,-07:00,HMS_VIIRS_NOAA,WF,20230928,,7.0,7 1.0,,,,,,,,,,,,,,,11.92153846153846,,,,,,,,,,,,,,,,,,,,,,,,,,,POINT (-121.5716 40.52434),63,06,089,06089,Shasta,06089
5101,202309210000_202309272359_282877673-282906577,,40.52553,-121.5665,-07:00,HMS_VIIRS_NOAA,WF,20230928,,7.0,7 1.0,,,,,,,,,,,,,,,11.92153846153846,,,,,,,,,,,,,,,,,,,,,,,,,,,POINT (-121.5665 40.52553),63,06,089,06089,Shasta,06089
5102,202309210000_202309272359_282877673-282906577,,40.52093,-121.5637,-07:00,HMS_VIIRS_NOAA,WF,20230929,,7.0,7 0.75; 17 0.25,,,,,,,,,,,,,,,8.179464882943142,,,,,,,,,,,,,,,,,,,,,,,,,,,POINT (-121.5637 40.52093),63,06,089,06089,Shasta,06089
5103,202309210000_202309272359_282877673-282906577,,40.52298,-121.5647,-07:00,HMS_VIIRS_NOAA,WF,20230929,,7.0,7 1.0,,,,,,,,,,,,,,,4.576454849498328,,,,,,,,,,,,,,,,,,,,,,,,,,,POINT (-121.5647 40.52298),63,06,089,06089,Shasta,06089
5104,202309210000_202309272359_282877673-282906577,,40.52394,-121.5684,-07:00,HMS_VIIRS_NOAA,WF,20230929,,7.0,7 1.0,,,,,,,,,,,,,,,11.92153846153846,,,,,,,,,,,,,,,,,,,,,,,,,,,POINT (-121.5684 40.52394),63,06,089,06089,Shasta,06089
5105,202309210000_202309272359_282877673-282906577,,40.52856,-121.5654,-07:00,HMS_VIIRS_NOAA,WF,20230929,,7.0,7 1.0,,,,,,,,,,,,,,,8.179464882943142,,,,,,,,,,,,,,,,,,,,,,,,,,,POINT (-121.5654 40.52856),63,06,089,06089,Shasta,06089
5106,202309210000_202309272359_282877673-282906577,,40.52434,-121.5716,-07:00,HMS_VIIRS_NOAA,WF,20230929,,7.0,7 1.0,,,,,,,,,,,,,,,11.92153846153846,,,,,,,,,,,,,,,,,,,,,,,,,,,POINT (-121.5716 40.52434),63,06,089,06089,Shasta,06089
5107,202309210000_202309272359_282877673-282906577,,40.52553,-121.5665,-07:00,HMS_VIIRS_NOAA,WF,20230929,,7.0,7 1.0,,,,,,,,,,,,,,,11.92153846153846,,,,,,,,,,,,,,,,,,,,,,,,,,,POINT (-121.5665 40.52553),63,06,089,06089,Shasta,06089
5108,202309210000_202309272359_282877673-282906577,,40.52093,-121.5637,-07:00,HMS_VIIRS_NOAA,WF,20230930,,7.0,7 0.75; 17 0.25,,,,,,,,,,,,,,,8.179464882943142,,,,,,,,,,,,,,,,,,,,,,,,,,,POINT (-121.5637 40.52093),63,06,089,06089,Shasta,06089
5109,202309210000_202309272359_282877673-282906577,,40.52298,-121.5647,-07:00,HMS_VIIRS_NOAA,WF,20230930,,7.0,7 1.0,,,,,,,,,,,,,,,4.576454849498328,,,,,,,,,,,,,,,,,,,,,,,,,,,POINT (-121.5647 40.52298),63,06,089,06089,Shasta,06089
5110,202309210000_202309272359_282877673-282906577,,40.52394,-121.5684,-07:00,HMS_VIIRS_NOAA,WF,20230930,,7.0,7 1.0,,,,,,,,,,,,,,,11.92153846153846,,,,,,,,,,,,,,,,,,,,,,,,,,,POINT (-121.5684 40.52394),63,06,089,06089,Shasta,06089
5111,202309210000_202309272359_282877673-282906577,,40.52856,-121.5654,-07:00,HMS_VIIRS_NOAA,WF,20230930,,7.0,7 1.0,,,,,,,,,,,,,,,8.179464882943142,,,,,,,,,,,,,,,,,,,,,,,,,,,POINT (-121.5654 40.52856),63,06,089,06089,Shasta,06089
5112,202309210000_202309272359_282877673-282906577,,40.52434,-121.5716,-07:00,HMS_VIIRS_NOAA,WF,20230930,,7.0,7 1.0,,,,,,,,,,,,,,,11.92153846153846,,,,,,,,,,,,,,,,,,,,,,,,,,,POINT (-121.5716 40.52434),63,06,089,06089,Shasta,06089
5113,202309210000_202309272359_282877673-282906577,,40.52553,-121.5665,-07:00,HMS_VIIRS_NOAA,WF,20230930,,7.0,7 1.0,,,,,,,,,,,,,,,11.92153846153846,,,,,,,,,,,,,,,,,,,,,,,,,,,POINT (-121.5665 40.52553),63,06,089,06089,Shasta,06089
5114,202309210000_202309272359_282877673-282906577,,40.52093,-121.5637,-07:00,HMS_VIIRS_NOAA,WF,20231001,,7.0,7 0.75; 17 0.25,,,,,,,,,,,,,,,8.179464882943142,,,,,,,,,,,,,,,,,,,,,,,,,,,POINT (-121.5637 40.52093),63,06,089,06089,Shasta,06089
5115,202309210000_202309272359_282877673-282906577,,40.52298,-121.5647,-07:00,HMS_VIIRS_NOAA,WF,20231001,,7.0,7 1.0,,,,,,,,,,,,,,,4.576454849498328,,,,,,,,,,,,,,,,,,,,,,,,,,,POINT (-121.5647 40.52298),63,06,089,06089,Shasta,06089
5116,202309210000_202309272359_282877673-282906577,,40.52394,-121.5684,-07:00,HMS_VIIRS_NOAA,WF,20231001,,7.0,7 1.0,,,,,,,,,,,,,,,11.92153846153846,,,,,,,,,,,,,,,,,,,,,,,,,,,POINT (-121.5684 40.52394),63,06,089,06089,Shasta,06089
5117,202309210000_202309272359_282877673-282906577,,40.52856,-121.5654,-07:00,HMS_VIIRS_NOAA,WF,20231001,,7.0,7 1.0,,,,,,,,,,,,,,,8.179464882943142,,,,,,,,,,,,,,,,,,,,,,,,,,,POINT (-121.5654 40.52856),63,06,089,06089,Shasta,06089
5118,202309210000_202309272359_282877673-282906577,,40.52434,-121.5716,-07:00,HMS_VIIRS_NOAA,WF,20231001,,7.0,7 1.0,,,,,,,,,,,,,,,11.92153846153846,,,,,,,,,,,,,,,,,,,,,,,,,,,POINT (-121.5716 40.52434),63,06,089,06089,Shasta,06089
5119,202309210000_202309272359_282877673-282906577,,40.52553,-121.5665,-07:00,HMS_VIIRS_NOAA,WF,20231001,,7.0,7 1.0,,,,,,,,,,,,,,,11.92153846153846,,,,,,,,,,,,,,,,,,,,,,,,,,,POINT (-121.5665 40.52553),63,06,089,06089,Shasta,06089
5160,202309210000_202309272359_282924158-282924158,,42.27144,-111.5547,-06:00,VIIRSNOAA375,WF,20230927,,42.0,42 0.75; 224 0.25,,,,,,,,,,,,,,,29.0,,,,,,,,,,,,,,,,,,,,,,,,,,,POINT (-111.5547 42.27144),184,16,007,16007,Bear Lake,16007
5161,202309210000_202309272359_282924158-282924158,,42.27144,-111.5547,-06:00,VIIRSNOAA375,WF,20230928,,42.0,42 0.75; 224 0.25,,,,,,,,,,,,,,,29.0,,,,,,,,,,,,,,,,,,,,,,,,,,,POINT (-111.5547 42.27144),184,16,007,16007,Bear Lake,16007
5162,202309210000_202309272359_282924158-282924158,,42.27144,-111.5547,-06:00,VIIRSNOAA375,WF,20230929,,42.0,42 0.75; 224 0.25,,,,,,,,,,,,,,,29.0,,,,,,,,,,,,,,,,,,,,,,,,,,,POINT (-111.5547 42.27144),184,16,007,16007,Bear Lake,16007
5163,202309210000_202309272359_282924158-282924158,,42.27144,-111.5547,-06:00,VIIRSNOAA375,WF,20230930,,42.0,42 0.75; 224 0.25,,,,,,,,,,,,,,,29.0,,,,,,,,,,,,,,,,,,,,,,,,,,,POINT (-111.5547 42.27144),184,16,007,16007,Bear Lake,16007
5164,202309210000_202309272359_282924158-282924158,,42.27144,-111.5547,-06:00,VIIRSNOAA375,WF,20231001,,42.0,42 0.75; 224 0.25,,,,,,,,,,,,,,,29.0,,,,,,,,,,,,,,,,,,,,,,,,,,,POINT (-111.5547 42.27144),184,16,007,16007,Bear Lake,16007
5185,202309210000_202309272359_282911701-282911701,,43.7088,-112.023,-06:00,MODISTERRA,WF,20230927,,60.0,60 1.0,,,,,,,,,,,,,,,250.0,,,,,,,,,,,,,,,,,,,,,,,,,,,POINT (-112.023 43.7088),26,16,051,16051,Jefferson,16051
5186,202309210000_202309272359_282911701-282911701,,43.7088,-112.023,-06:00,MODISTERRA,WF,20230928,,60.0,60 1.0,,,,,,,,,,,,,,,250.0,,,,,,,,,,,,,,,,,,,,,,,,,,,POINT (-112.023 43.7088),26,16,051,16051,Jefferson,16051
5187,202309210000_202309272359_282911701-282911701,,43.7088,-112.023,-06:00,MODISTERRA,WF,20230929,,60.0,60 1.0,,,,,,,,,,,,,,,250.0,,,,,,,,,,,,,,,,,,,,,,,,,,,POINT (-112.023 43.7088),26,16,051,16051,Jefferson,16051
5188,202309210000_202309272359_282911701-282911701,,43.7088,-112.023,-06:00,MODISTERRA,WF,20230930,,60.0,60 1.0,,,,,,,,,,,,,,,250.0,,,,,,,,,,,,,,,,,,,,,,,,,,,POINT (-112.023 43.7088),26,16,051,16051,Jefferson,16051
5189,202309210000_202309272359_282911701-282911701,,43.7088,-112.023,-06:00,MODISTERRA,WF,20231001,,60.0,60 1.0,,,,,,,,,,,,,,,250.0,,,,,,,,,,,,,,,,,,,,,,,,,,,POINT (-112.023 43.7088),26,16,051,16051,Jefferson,16051
5205,202309210000_202309272359_282724584-282923487,,44.45999,-116.0863,-06:00,VIIRSNOAA375,WF,20230927,,52.0,52 1.0,,,,,,,,,,,,,,,10.125,,,,,,,,,,,,,,,,,,,,,,,,,,,POINT (-116.0863 44.45999),80,16,085,16085,Valley,16085
5206,202309210000_202309272359_282724584-282923487,,44.45956,-116.0861,-06:00,VIIRSNOAA375,WF,20230927,,52.0,52 1.0,,,,,,,,,,,,,,,10.125,,,,,,,,,,,,,,,,,,,,,,,,,,,POINT (-116.0861 44.45956),80,16,085,16085,Valley,16085
5207,202309210000_202309272359_282724584-282923487,,44.45999,-116.0863,-06:00,VIIRSNOAA375,WF,20230928,,52.0,52 1.0,,,,,,,,,,,,,,,10.125,,,,,,,,,,,,,,,,,,,,,,,,,,,POINT (-116.0863 44.45999),80,16,085,16085,Valley,16085
5208,202309210000_202309272359_282724584-282923487,,44.45956,-116.0861,-06:00,VIIRSNOAA375,WF,20230928,,52.0,52 1.0,,,,,,,,,,,,,,,10.125,,,,,,,,,,,,,,,,,,,,,,,,,,,POINT (-116.0861 44.45956),80,16,085,16085,Valley,16085
5209,202309210000_202309272359_282724584-282923487,,44.45999,-116.0863,-06:00,VIIRSNOAA375,WF,20230929,,52.0,52 1.0,,,,,,,,,,,,,,,10.125,,,,,,,,,,,,,,,,,,,,,,,,,,,POINT (-116.0863 44.45999),80,16,085,16085,Valley,16085
5210,202309210000_202309272359_282724584-282923487,,44.45956,-116.0861,-06:00,VIIRSNOAA375,WF,20230929,,52.0,52 1.0,,,,,,,,,,,,,,,10.125,,,,,,,,,,,,,,,,,,,,,,,,,,,POINT (-116.0861 44.45956),80,16,085,16085,Valley,16085
5211,202309210000_202309272359_282724584-282923487,,44.45999,-116.0863,-06:00,VIIRSNOAA375,WF,20230930,,52.0,52 1.0,,,,,,,,,,,,,,,10.125,,,,,,,,,,,,,,,,,,,,,,,,,,,POINT (-116.0863 44.45999),80,16,085,16085,Valley,16085
5212,202309210000_202309272359_282724584-282923487,,44.45956,-116.0861,-06:00,VIIRSNOAA375,WF,20230930,,52.0,52 1.0,,,,,,,,,,,,,,,10.125,,,,,,,,,,,,,,,,,,,,,,,,,,,POINT (-116.0861 44.45956),80,16,085,16085,Valley,16085
5213,202309210000_202309272359_282724584-282923487,,44.45999,-116.0863,-06:00,VIIRSNOAA375,WF,20231001,,52.0,52 1.0,,,,,,,,,,,,,,,10.125,,,,,,,,,,,,,,,,,,,,,,,,,,,POINT (-116.0863 44.45999),80,16,085,16085,Valley,16085
5214,202309210000_202309272359_282724584-282923487,,44.45956,-116.0861,-06:00,VIIRSNOAA375,WF,20231001,,52.0,52 1.0,,,,,,,,,,,,,,,10.125,,,,,,,,,,,,,,,,,,,,,,,,,,,POINT (-116.0861 44.45956),80,16,085,16085,Valley,16085
5220,202309210000_202309272359_282647669-282921724,,44.5519,-123.221,-07:00,MODISAQUA,WF,20230927,,,,,,,,,,,,,,,,,,250.0,,,,,,,,,,,,,,,,,,,,,,,,,,,POINT (-123.221 44.5519),70,41,043,41043,Linn,41043
5221,202309210000_202309272359_282647669-282921724,,44.5519,-123.221,-07:00,MODISAQUA,WF,20230928,,,,,,,,,,,,,,,,,,250.0,,,,,,,,,,,,,,,,,,,,,,,,,,,POINT (-123.221 44.5519),70,41,043,41043,Linn,41043
5222,202309210000_202309272359_282647669-282921724,,44.5519,-123.221,-07:00,MODISAQUA,WF,20230929,,,,,,,,,,,,,,,,,,250.0,,,,,,,,,,,,,,,,,,,,,,,,,,,POINT (-123.221 44.5519),70,41,043,41043,Linn,41043
5223,202309210000_202309272359_282647669-282921724,,44.5519,-123.221,-07:00,MODISAQUA,WF,20230930,,,,,,,,,,,,,,,,,,250.0,,,,,,,,,,,,,,,,,,,,,,,,,,,POINT (-123.221 44.5519),70,41,043,41043,Linn,41043
5224,202309210000_202309272359_282647669-282921724,,44.5519,-123.221,-07:00,MODISAQUA,WF,20231001,,,,,,,,,,,,,,,,,,250.0,,,,,,,,,,,,,,,,,,,,,,,,,,,POINT (-123.221 44.5519),70,41,043,41043,Linn,41043
5230,202309210000_202309272359_116896964-282923427,,44.86375,-116.6126,-06:00,VIIRS375,WF,20230927,,41.0,41 0.75; 52 0.25,,,,,,,,,,,,,,,80.0,,,,,,,,,,,,,,,,,,,,,,,,,,,POINT (-116.6126 44.86375),78,16,003,16003,Adams,16003
5231,202309210000_202309272359_116896964-282923427,,44.88,-116.6056,-06:00,VIIRS375,WF,20230927,,41.0,41 0.5; 52 0.25; 60 0.25,,,,,,,,,,,,,,,9.268718094157684,,,,,,,,,,,,,,,,,,,,,,,,,,,POINT (-116.6056 44.88),78,16,003,16003,Adams,16003
5232,202309210000_202309272359_116896964-282923427,,44.87955,-116.6005,-06:00,VIIRS375,WF,20230927,,41.0,41 0.33; 52 0.33; 60 0.33,,,,,,,,,,,,,,,45.490640952921154,,,,,,,,,,,,,,,,,,,,,,,,,,,POINT (-116.6005 44.87955),78,16,003,16003,Adams,16003
5233,202309210000_202309272359_116896964-282923427,,44.87582,-116.606,-06:00,VIIRS375,WF,20230927,,52.0,52 0.75; 41 0.25,,,,,,,,,,,,,,,45.490640952921154,,,,,,,,,,,,,,,,,,,,,,,,,,,POINT (-116.606 44.87582),78,16,003,16003,Adams,16003
5234,202309210000_202309272359_116896964-282923427,,44.87865,-116.6106,-06:00,VIIRSNOAA375,WF,20230927,,41.0,41 0.5; 52 0.25; 60 0.25,,,,,,,,,,,,,,,12.1,,,,,,,,,,,,,,,,,,,,,,,,,,,POINT (-116.6106 44.87865),78,16,003,16003,Adams,16003
5235,202309210000_202309272359_116896964-282923427,,44.86375,-116.6126,-06:00,VIIRS375,WF,20230928,,41.0,41 0.75; 52 0.25,,,,,,,,,,,,,,,80.0,,,,,,,,,,,,,,,,,,,,,,,,,,,POINT (-116.6126 44.86375),78,16,003,16003,Adams,16003
5236,202309210000_202309272359_116896964-282923427,,44.88,-116.6056,-06:00,VIIRS375,WF,20230928,,41.0,41 0.5; 52 0.25; 60 0.25,,,,,,,,,,,,,,,9.268718094157684,,,,,,,,,,,,,,,,,,,,,,,,,,,POINT (-116.6056 44.88),78,16,003,16003,Adams,16003
5237,202309210000_202309272359_116896964-282923427,,44.87955,-116.6005,-06:00,VIIRS375,WF,20230928,,41.0,41 0.33; 52 0.33; 60 0.33,,,,,,,,,,,,,,,45.490640952921154,,,,,,,,,,,,,,,,,,,,,,,,,,,POINT (-116.6005 44.87955),78,16,003,16003,Adams,16003
5238,202309210000_202309272359_116896964-282923427,,44.87582,-116.606,-06:00,VIIRS375,WF,20230928,,52.0,52 0.75; 41 0.25,,,,,,,,,,,,,,,45.490640952921154,,,,,,,,,,,,,,,,,,,,,,,,,,,POINT (-116.606 44.87582),78,16,003,16003,Adams,16003
5239,202309210000_202309272359_116896964-282923427,,44.87865,-116.6106,-06:00,VIIRSNOAA375,WF,20230928,,41.0,41 0.5; 52 0.25; 60 0.25,,,,,,,,,,,,,,,12.1,,,,,,,,,,,,,,,,,,,,,,,,,,,POINT (-116.6106 44.87865),78,16,003,16003,Adams,16003
5240,202309210000_202309272359_116896964-282923427,,44.86375,-116.6126,-06:00,VIIRS375,WF,20230929,,41.0,41 0.75; 52 0.25,,,,,,,,,,,,,,,80.0,,,,,,,,,,,,,,,,,,,,,,,,,,,POINT (-116.6126 44.86375),78,16,003,16003,Adams,16003
5241,202309210000_202309272359_116896964-282923427,,44.88,-116.6056,-06:00,VIIRS375,WF,20230929,,41.0,41 0.5; 52 0.25; 60 0.25,,,,,,,,,,,,,,,9.268718094157684,,,,,,,,,,,,,,,,,,,,,,,,,,,POINT (-116.6056 44.88),78,16,003,16003,Adams,16003
5242,202309210000_202309272359_116896964-282923427,,44.87955,-116.6005,-06:00,VIIRS375,WF,20230929,,41.0,41 0.33; 52 0.33; 60 0.33,,,,,,,,,,,,,,,45.490640952921154,,,,,,,,,,,,,,,,,,,,,,,,,,,POINT (-116.6005 44.87955),78,16,003,16003,Adams,16003
5243,202309210000_202309272359_116896964-282923427,,44.87582,-116.606,-06:00,VIIRS375,WF,20230929,,52.0,52 0.75; 41 0.25,,,,,,,,,,,,,,,45.490640952921154,,,,,,,,,,,,,,,,,,,,,,,,,,,POINT (-116.606 44.87582),78,16,003,16003,Adams,16003
5244,202309210000_202309272359_116896964-282923427,,44.87865,-116.6106,-06:00,VIIRSNOAA375,WF,20230929,,41.0,41 0.5; 52 0.25; 60 0.25,,,,,,,,,,,,,,,12.1,,,,,,,,,,,,,,,,,,,,,,,,,,,POINT (-116.6106 44.87865),78,16,003,16003,Adams,16003
5245,202309210000_202309272359_116896964-282923427,,44.86375,-116.6126,-06:00,VIIRS375,WF,20230930,,41.0,41 0.75; 52 0.25,,,,,,,,,,,,,,,80.0,,,,,,,,,,,,,,,,,,,,,,,,,,,POINT (-116.6126 44.86375),78,16,003,16003,Adams,16003
5246,202309210000_202309272359_116896964-282923427,,44.88,-116.6056,-06:00,VIIRS375,WF,20230930,,41.0,41 0.5; 52 0.25; 60 0.25,,,,,,,,,,,,,,,9.268718094157684,,,,,,,,,,,,,,,,,,,,,,,,,,,POINT (-116.6056 44.88),78,16,003,16003,Adams,16003
5247,202309210000_202309272359_116896964-282923427,,44.87955,-116.6005,-06:00,VIIRS375,WF,20230930,,41.0,41 0.33; 52 0.33; 60 0.33,,,,,,,,,,,,,,,45.490640952921154,,,,,,,,,,,,,,,,,,,,,,,,,,,POINT (-116.6005 44.87955),78,16,003,16003,Adams,16003
5248,202309210000_202309272359_116896964-282923427,,44.87582,-116.606,-06:00,VIIRS375,WF,20230930,,52.0,52 0.75; 41 0.25,,,,,,,,,,,,,,,45.490640952921154,,,,,,,,,,,,,,,,,,,,,,,,,,,POINT (-116.606 44.87582),78,16,003,16003,Adams,16003
5249,202309210000_202309272359_116896964-282923427,,44.87865,-116.6106,-06:00,VIIRSNOAA375,WF,20230930,,41.0,41 0.5; 52 0.25; 60 0.25,,,,,,,,,,,,,,,12.1,,,,,,,,,,,,,,,,,,,,,,,,,,,POINT (-116.6106 44.87865),78,16,003,16003,Adams,16003
5250,202309210000_202309272359_116896964-282923427,,44.86375,-116.6126,-06:00,VIIRS375,WF,20231001,,41.0,41 0.75; 52 0.25,,,,,,,,,,,,,,,80.0,,,,,,,,,,,,,,,,,,,,,,,,,,,POINT (-116.6126 44.86375),78,16,003,16003,Adams,16003
5251,202309210000_202309272359_116896964-282923427,,44.88,-116.6056,-06:00,VIIRS375,WF,20231001,,41.0,41 0.5; 52 0.25; 60 0.25,,,,,,,,,,,,,,,9.268718094157684,,,,,,,,,,,,,,,,,,,,,,,,,,,POINT (-116.6056 44.88),78,16,003,16003,Adams,16003
5252,202309210000_202309272359_116896964-282923427,,44.87955,-116.6005,-06:00,VIIRS375,WF,20231001,,41.0,41 0.33; 52 0.33; 60 0.33,,,,,,,,,,,,,,,45.490640952921154,,,,,,,,,,,,,,,,,,,,,,,,,,,POINT (-116.6005 44.87955),78,16,003,16003,Adams,16003
5253,202309210000_202309272359_116896964-282923427,,44.87582,-116.606,-06:00,VIIRS375,WF,20231001,,52.0,52 0.75; 41 0.25,,,,,,,,,,,,,,,45.490640952921154,,,,,,,,,,,,,,,,,,,,,,,,,,,POINT (-116.606 44.87582),78,16,003,16003,Adams,16003
5254,202309210000_202309272359_116896964-282923427,,44.87865,-116.6106,-06:00,VIIRSNOAA375,WF,20231001,,41.0,41 0.5; 52 0.25; 60 0.25,,,,,,,,,,,,,,,12.1,,,,,,,,,,,,,,,,,,,,,,,,,,,POINT (-116.6106 44.87865),78,16,003,16003,Adams,16003
5265,202309210000_202309272359_282894770-282923456,,45.07262,-116.3932,-06:00,VIIRSNOAA375,WF,20230927,,52.0,52 1.0,,,,,,,,,,,,,,,12.1,,,,,,,,,,,,,,,,,,,,,,,,,,,POINT (-116.3932 45.07262),78,16,003,16003,Adams,16003
5266,202309210000_202309272359_282894770-282923456,,45.07623,-116.3918,-06:00,VIIRSNOAA375,WF,20230927,,52.0,52 1.0,,,,,,,,,,,,,,,12.1,,,,,,,,,,,,,,,,,,,,,,,,,,,POINT (-116.3918 45.07623),78,16,003,16003,Adams,16003
5267,202309210000_202309272359_282894770-282923456,,45.07984,-116.3904,-06:00,VIIRSNOAA375,WF,20230927,,52.0,52 1.0,,,,,,,,,,,,,,,12.1,,,,,,,,,,,,,,,,,,,,,,,,,,,POINT (-116.3904 45.07984),78,16,003,16003,Adams,16003
5268,202309210000_202309272359_282894770-282923456,,45.07468,-116.3912,-06:00,VIIRSNOAA375,WF,20230927,,52.0,52 1.0,,,,,,,,,,,,,,,12.1,,,,,,,,,,,,,,,,,,,,,,,,,,,POINT (-116.3912 45.07468),78,16,003,16003,Adams,16003
5269,202309210000_202309272359_282894770-282923456,,45.08225,-116.3995,-06:00,VIIRS375,WF,20230927,,52.0,52 1.0,,,,,,,,,,,,,,,16.3,,,,,,,,,,,,,,,,,,,,,,,,,,,POINT (-116.3995 45.08225),78,16,003,16003,Adams,16003
5270,202309210000_202309272359_282894770-282923456,,45.08637,-116.3987,-06:00,VIIRS375,WF,20230927,,52.0,52 1.0,,,,,,,,,,,,,,,10.166666666666664,,,,,,,,,,,,,,,,,,,,,,,,,,,POINT (-116.3987 45.08637),78,16,003,16003,Adams,16003
5271,202309210000_202309272359_282894770-282923456,,45.09089,-116.4024,-06:00,VIIRS375,WF,20230927,,52.0,52 1.0,,,,,,,,,,,,,,,10.166666666666664,,,,,,,,,,,,,,,,,,,,,,,,,,,POINT (-116.4024 45.09089),78,16,003,16003,Adams,16003
5272,202309210000_202309272359_282894770-282923456,,45.0868,-116.4034,-06:00,VIIRS375,WF,20230927,,52.0,52 1.0,,,,,,,,,,,,,,,10.166666666666664,,,,,,,,,,,,,,,,,,,,,,,,,,,POINT (-116.4034 45.0868),78,16,003,16003,Adams,16003
5273,202309210000_202309272359_282894770-282923456,,45.07262,-116.3932,-06:00,VIIRSNOAA375,WF,20230928,,52.0,52 1.0,,,,,,,,,,,,,,,12.1,,,,,,,,,,,,,,,,,,,,,,,,,,,POINT (-116.3932 45.07262),78,16,003,16003,Adams,16003
5274,202309210000_202309272359_282894770-282923456,,45.07623,-116.3918,-06:00,VIIRSNOAA375,WF,20230928,,52.0,52 1.0,,,,,,,,,,,,,,,12.1,,,,,,,,,,,,,,,,,,,,,,,,,,,POINT (-116.3918 45.07623),78,16,003,16003,Adams,16003
5275,202309210000_202309272359_282894770-282923456,,45.07984,-116.3904,-06:00,VIIRSNOAA375,WF,20230928,,52.0,52 1.0,,,,,,,,,,,,,,,12.1,,,,,,,,,,,,,,,,,,,,,,,,,,,POINT (-116.3904 45.07984),78,16,003,16003,Adams,16003
5276,202309210000_202309272359_282894770-282923456,,45.07468,-116.3912,-06:00,VIIRSNOAA375,WF,20230928,,52.0,52 1.0,,,,,,,,,,,,,,,12.1,,,,,,,,,,,,,,,,,,,,,,,,,,,POINT (-116.3912 45.07468),78,16,003,16003,Adams,16003
5277,202309210000_202309272359_282894770-282923456,,45.08225,-116.3995,-06:00,VIIRS375,WF,20230928,,52.0,52 1.0,,,,,,,,,,,,,,,16.3,,,,,,,,,,,,,,,,,,,,,,,,,,,POINT (-116.3995 45.08225),78,16,003,16003,Adams,16003
5278,202309210000_202309272359_282894770-282923456,,45.08637,-116.3987,-06:00,VIIRS375,WF,20230928,,52.0,52 1.0,,,,,,,,,,,,,,,10.166666666666664,,,,,,,,,,,,,,,,,,,,,,,,,,,POINT (-116.3987 45.08637),78,16,003,16003,Adams,16003
5279,202309210000_202309272359_282894770-282923456,,45.09089,-116.4024,-06:00,VIIRS375,WF,20230928,,52.0,52 1.0,,,,,,,,,,,,,,,10.166666666666664,,,,,,,,,,,,,,,,,,,,,,,,,,,POINT (-116.4024 45.09089),78,16,003,16003,Adams,16003
5280,202309210000_202309272359_282894770-282923456,,45.0868,-116.4034,-06:00,VIIRS375,WF,20230928,,52.0,52 1.0,,,,,,,,,,,,,,,10.166666666666664,,,,,,,,,,,,,,,,,,,,,,,,,,,POINT (-116.4034 45.0868),78,16,003,16003,Adams,16003
5281,202309210000_202309272359_282894770-282923456,,45.07262,-116.3932,-06:00,VIIRSNOAA375,WF,20230929,,52.0,52 1.0,,,,,,,,,,,,,,,12.1,,,,,,,,,,,,,,,,,,,,,,,,,,,POINT (-116.3932 45.07262),78,16,003,16003,Adams,16003
5282,202309210000_202309272359_282894770-282923456,,45.07623,-116.3918,-06:00,VIIRSNOAA375,WF,20230929,,52.0,52 1.0,,,,,,,,,,,,,,,12.1,,,,,,,,,,,,,,,,,,,,,,,,,,,POINT (-116.3918 45.07623),78,16,003,16003,Adams,16003
5283,202309210000_202309272359_282894770-282923456,,45.07984,-116.3904,-06:00,VIIRSNOAA375,WF,20230929,,52.0,52 1.0,,,,,,,,,,,,,,,12.1,,,,,,,,,,,,,,,,,,,,,,,,,,,POINT (-116.3904 45.07984),78,16,003,16003,Adams,16003
5284,202309210000_202309272359_282894770-282923456,,45.07468,-116.3912,-06:00,VIIRSNOAA375,WF,20230929,,52.0,52 1.0,,,,,,,,,,,,,,,12.1,,,,,,,,,,,,,,,,,,,,,,,,,,,POINT (-116.3912 45.07468),78,16,003,16003,Adams,16003
5285,202309210000_202309272359_282894770-282923456,,45.08225,-116.3995,-06:00,VIIRS375,WF,20230929,,52.0,52 1.0,,,,,,,,,,,,,,,16.3,,,,,,,,,,,,,,,,,,,,,,,,,,,POINT (-116.3995 45.08225),78,16,003,16003,Adams,16003
5286,202309210000_202309272359_282894770-282923456,,45.08637,-116.3987,-06:00,VIIRS375,WF,20230929,,52.0,52 1.0,,,,,,,,,,,,,,,10.166666666666664,,,,,,,,,,,,,,,,,,,,,,,,,,,POINT (-116.3987 45.08637),78,16,003,16003,Adams,16003
5287,202309210000_202309272359_282894770-282923456,,45.09089,-116.4024,-06:00,VIIRS375,WF,20230929,,52.0,52 1.0,,,,,,,,,,,,,,,10.166666666666664,,,,,,,,,,,,,,,,,,,,,,,,,,,POINT (-116.4024 45.09089),78,16,003,16003,Adams,16003
5288,202309210000_202309272359_282894770-282923456,,45.0868,-116.4034,-06:00,VIIRS375,WF,20230929,,52.0,52 1.0,,,,,,,,,,,,,,,10.166666666666664,,,,,,,,,,,,,,,,,,,,,,,,,,,POINT (-116.4034 45.0868),78,16,003,16003,Adams,16003
5289,202309210000_202309272359_282894770-282923456,,45.07262,-116.3932,-06:00,VIIRSNOAA375,WF,20230930,,52.0,52 1.0,,,,,,,,,,,,,,,12.1,,,,,,,,,,,,,,,,,,,,,,,,,,,POINT (-116.3932 45.07262),78,16,003,16003,Adams,16003
5290,202309210000_202309272359_282894770-282923456,,45.07623,-116.3918,-06:00,VIIRSNOAA375,WF,20230930,,52.0,52 1.0,,,,,,,,,,,,,,,12.1,,,,,,,,,,,,,,,,,,,,,,,,,,,POINT (-116.3918 45.07623),78,16,003,16003,Adams,16003
5291,202309210000_202309272359_282894770-282923456,,45.07984,-116.3904,-06:00,VIIRSNOAA375,WF,20230930,,52.0,52 1.0,,,,,,,,,,,,,,,12.1,,,,,,,,,,,,,,,,,,,,,,,,,,,POINT (-116.3904 45.07984),78,16,003,16003,Adams,16003
5292,202309210000_202309272359_282894770-282923456,,45.07468,-116.3912,-06:00,VIIRSNOAA375,WF,20230930,,52.0,52 1.0,,,,,,,,,,,,,,,12.1,,,,,,,,,,,,,,,,,,,,,,,,,,,POINT (-116.3912 45.07468),78,16,003,16003,Adams,16003
5293,202309210000_202309272359_282894770-282923456,,45.08225,-116.3995,-06:00,VIIRS375,WF,20230930,,52.0,52 1.0,,,,,,,,,,,,,,,16.3,,,,,,,,,,,,,,,,,,,,,,,,,,,POINT (-116.3995 45.08225),78,16,003,16003,Adams,16003
5294,202309210000_202309272359_282894770-282923456,,45.08637,-116.3987,-06:00,VIIRS375,WF,20230930,,52.0,52 1.0,,,,,,,,,,,,,,,10.166666666666664,,,,,,,,,,,,,,,,,,,,,,,,,,,POINT (-116.3987 45.08637),78,16,003,16003,Adams,16003
5295,202309210000_202309272359_282894770-282923456,,45.09089,-116.4024,-06:00,VIIRS375,WF,20230930,,52.0,52 1.0,,,,,,,,,,,,,,,10.166666666666664,,,,,,,,,,,,,,,,,,,,,,,,,,,POINT (-116.4024 45.09089),78,16,003,16003,Adams,16003
5296,202309210000_202309272359_282894770-282923456,,45.0868,-116.4034,-06:00,VIIRS375,WF,20230930,,52.0,52 1.0,,,,,,,,,,,,,,,10.166666666666664,,,,,,,,,,,,,,,,,,,,,,,,,,,POINT (-116.4034 45.0868),78,16,003,16003,Adams,16003
5297,202309210000_202309272359_282894770-282923456,,45.07262,-116.3932,-06:00,VIIRSNOAA375,WF,20231001,,52.0,52 1.0,,,,,,,,,,,,,,,12.1,,,,,,,,,,,,,,,,,,,,,,,,,,,POINT (-116.3932 45.07262),78,16,003,16003,Adams,16003
5298,202309210000_202309272359_282894770-282923456,,45.07623,-116.3918,-06:00,VIIRSNOAA375,WF,20231001,,52.0,52 1.0,,,,,,,,,,,,,,,12.1,,,,,,,,,,,,,,,,,,,,,,,,,,,POINT (-116.3918 45.07623),78,16,003,16003,Adams,16003
5299,202309210000_202309272359_282894770-282923456,,45.07984,-116.3904,-06:00,VIIRSNOAA375,WF,20231001,,52.0,52 1.0,,,,,,,,,,,,,,,12.1,,,,,,,,,,,,,,,,,,,,,,,,,,,POINT (-116.3904 45.07984),78,16,003,16003,Adams,16003
5300,202309210000_202309272359_282894770-282923456,,45.07468,-116.3912,-06:00,VIIRSNOAA375,WF,20231001,,52.0,52 1.0,,,,,,,,,,,,,,,12.1,,,,,,,,,,,,,,,,,,,,,,,,,,,POINT (-116.3912 45.07468),78,16,003,16003,Adams,16003
5301,202309210000_202309272359_282894770-282923456,,45.08225,-116.3995,-06:00,VIIRS375,WF,20231001,,52.0,52 1.0,,,,,,,,,,,,,,,16.3,,,,,,,,,,,,,,,,,,,,,,,,,,,POINT (-116.3995 45.08225),78,16,003,16003,Adams,16003
5302,202309210000_202309272359_282894770-282923456,,45.08637,-116.3987,-06:00,VIIRS375,WF,20231001,,52.0,52 1.0,,,,,,,,,,,,,,,10.166666666666664,,,,,,,,,,,,,,,,,,,,,,,,,,,POINT (-116.3987 45.08637),78,16,003,16003,Adams,16003
5303,202309210000_202309272359_282894770-282923456,,45.09089,-116.4024,-06:00,VIIRS375,WF,20231001,,52.0,52 1.0,,,,,,,,,,,,,,,10.166666666666664,,,,,,,,,,,,,,,,,,,,,,,,,,,POINT (-116.4024 45.09089),78,16,003,16003,Adams,16003
5304,202309210000_202309272359_282894770-282923456,,45.0868,-116.4034,-06:00,VIIRS375,WF,20231001,,52.0,52 1.0,,,,,,,,,,,,,,,10.166666666666664,,,,,,,,,,,,,,,,,,,,,,,,,,,POINT (-116.4034 45.0868),78,16,003,16003,Adams,16003
5305,202309210000_202309272359_282923080-282923263,,45.09457,-116.3968,-06:00,VIIRS375,WF,20230927,,52.0,52 1.0,,,,,,,,,,,,,,,16.3,,,,,,,,,,,,,,,,,,,,,,,,,,,POINT (-116.3968 45.09457),78,16,003,16003,Adams,16003
5306,202309210000_202309272359_282923080-282923263,,45.095,-116.4014,-06:00,VIIRS375,WF,20230927,,52.0,52 1.0,,,,,,,,,,,,,,,16.3,,,,,,,,,,,,,,,,,,,,,,,,,,,POINT (-116.4014 45.095),78,16,003,16003,Adams,16003
5307,202309210000_202309272359_282923080-282923263,,45.09457,-116.3968,-06:00,VIIRS375,WF,20230928,,52.0,52 1.0,,,,,,,,,,,,,,,16.3,,,,,,,,,,,,,,,,,,,,,,,,,,,POINT (-116.3968 45.09457),78,16,003,16003,Adams,16003
5308,202309210000_202309272359_282923080-282923263,,45.095,-116.4014,-06:00,VIIRS375,WF,20230928,,52.0,52 1.0,,,,,,,,,,,,,,,16.3,,,,,,,,,,,,,,,,,,,,,,,,,,,POINT (-116.4014 45.095),78,16,003,16003,Adams,16003
5309,202309210000_202309272359_282923080-282923263,,45.09457,-116.3968,-06:00,VIIRS375,WF,20230929,,52.0,52 1.0,,,,,,,,,,,,,,,16.3,,,,,,,,,,,,,,,,,,,,,,,,,,,POINT (-116.3968 45.09457),78,16,003,16003,Adams,16003
5310,202309210000_202309272359_282923080-282923263,,45.095,-116.4014,-06:00,VIIRS375,WF,20230929,,52.0,52 1.0,,,,,,,,,,,,,,,16.3,,,,,,,,,,,,,,,,,,,,,,,,,,,POINT (-116.4014 45.095),78,16,003,16003,Adams,16003
5311,202309210000_202309272359_282923080-282923263,,45.09457,-116.3968,-06:00,VIIRS375,WF,20230930,,52.0,52 1.0,,,,,,,,,,,,,,,16.3,,,,,,,,,,,,,,,,,,,,,,,,,,,POINT (-116.3968 45.09457),78,16,003,16003,Adams,16003
5312,202309210000_202309272359_282923080-282923263,,45.095,-116.4014,-06:00,VIIRS375,WF,20230930,,52.0,52 1.0,,,,,,,,,,,,,,,16.3,,,,,,,,,,,,,,,,,,,,,,,,,,,POINT (-116.4014 45.095),78,16,003,16003,Adams,16003
5313,202309210000_202309272359_282923080-282923263,,45.09457,-116.3968,-06:00,VIIRS375,WF,20231001,,52.0,52 1.0,,,,,,,,,,,,,,,16.3,,,,,,,,,,,,,,,,,,,,,,,,,,,POINT (-116.3968 45.09457),78,16,003,16003,Adams,16003
5314,202309210000_202309272359_282923080-282923263,,45.095,-116.4014,-06:00,VIIRS375,WF,20231001,,52.0,52 1.0,,,,,,,,,,,,,,,16.3,,,,,,,,,,,,,,,,,,,,,,,,,,,POINT (-116.4014 45.095),78,16,003,16003,Adams,16003
5315,202309210000_202309272359_282920451-282920465,,45.0989,-116.4405,-06:00,HMS_GOES16,WF,20230927,,52.0,52 1.0,,,,,,,,,,,,,,,168.875,,,,,,,,,,,,,,,,,,,,,,,,,,,POINT (-116.4405 45.0989),78,16,003,16003,Adams,16003
5316,202309210000_202309272359_282920451-282920465,,45.0989,-116.4405,-06:00,HMS_GOES16,WF,20230927,,52.0,52 1.0,,,,,,,,,,,,,,,147.125,,,,,,,,,,,,,,,,,,,,,,,,,,,POINT (-116.4405 45.0989),78,16,003,16003,Adams,16003
5317,202309210000_202309272359_282920451-282920465,,45.0989,-116.4405,-06:00,HMS_GOES16,WF,20230928,,52.0,52 1.0,,,,,,,,,,,,,,,168.875,,,,,,,,,,,,,,,,,,,,,,,,,,,POINT (-116.4405 45.0989),78,16,003,16003,Adams,16003
5318,202309210000_202309272359_282920451-282920465,,45.0989,-116.4405,-06:00,HMS_GOES16,WF,20230928,,52.0,52 1.0,,,,,,,,,,,,,,,147.125,,,,,,,,,,,,,,,,,,,,,,,,,,,POINT (-116.4405 45.0989),78,16,003,16003,Adams,16003
5319,202309210000_202309272359_282920451-282920465,,45.0989,-116.4405,-06:00,HMS_GOES16,WF,20230929,,52.0,52 1.0,,,,,,,,,,,,,,,168.875,,,,,,,,,,,,,,,,,,,,,,,,,,,POINT (-116.4405 45.0989),78,16,003,16003,Adams,16003
5320,202309210000_202309272359_282920451-282920465,,45.0989,-116.4405,-06:00,HMS_GOES16,WF,20230929,,52.0,52 1.0,,,,,,,,,,,,,,,147.125,,,,,,,,,,,,,,,,,,,,,,,,,,,POINT (-116.4405 45.0989),78,16,003,16003,Adams,16003
5321,202309210000_202309272359_282920451-282920465,,45.0989,-116.4405,-06:00,HMS_GOES16,WF,20230930,,52.0,52 1.0,,,,,,,,,,,,,,,168.875,,,,,,,,,,,,,,,,,,,,,,,,,,,POINT (-116.4405 45.0989),78,16,003,16003,Adams,16003
5322,202309210000_202309272359_282920451-282920465,,45.0989,-116.4405,-06:00,HMS_GOES16,WF,20230930,,52.0,52 1.0,,,,,,,,,,,,,,,147.125,,,,,,,,,,,,,,,,,,,,,,,,,,,POINT (-116.4405 45.0989),78,16,003,16003,Adams,16003
5323,202309210000_202309272359_282920451-282920465,,45.0989,-116.4405,-06:00,HMS_GOES16,WF,20231001,,52.0,52 1.0,,,,,,,,,,,,,,,168.875,,,,,,,,,,,,,,,,,,,,,,,,,,,POINT (-116.4405 45.0989),78,16,003,16003,Adams,16003
5324,202309210000_202309272359_282920451-282920465,,45.0989,-116.4405,-06:00,HMS_GOES16,WF,20231001,,52.0,52 1.0,,,,,,,,,,,,,,,147.125,,,,,,,,,,,,,,,,,,,,,,,,,,,POINT (-116.4405 45.0989),78,16,003,16003,Adams,16003
5255,202309210000_202309272359_282911584-282911584,,45.1416,-123.121,-07:00,VIIRS750,WF,20230927,,2.0,2 0.67; 9 0.33,,,,,,,,,,,,,,,230.0,,,,,,,,,,,,,,,,,,,,,,,,,,,POINT (-123.121 45.1416),163,41,071,41071,Yamhill,41071
5256,202309210000_202309272359_282911584-282911584,,45.1416,-123.121,-07:00,VIIRS750,WF,20230928,,2.0,2 0.67; 9 0.33,,,,,,,,,,,,,,,230.0,,,,,,,,,,,,,,,,,,,,,,,,,,,POINT (-123.121 45.1416),163,41,071,41071,Yamhill,41071
5257,202309210000_202309272359_282911584-282911584,,45.1416,-123.121,-07:00,VIIRS750,WF,20230929,,2.0,2 0.67; 9 0.33,,,,,,,,,,,,,,,230.0,,,,,,,,,,,,,,,,,,,,,,,,,,,POINT (-123.121 45.1416),163,41,071,41071,Yamhill,41071
5258,202309210000_202309272359_282911584-282911584,,45.1416,-123.121,-07:00,VIIRS750,WF,20230930,,2.0,2 0.67; 9 0.33,,,,,,,,,,,,,,,230.0,,,,,,,,,,,,,,,,,,,,,,,,,,,POINT (-123.121 45.1416),163,41,071,41071,Yamhill,41071
5259,202309210000_202309272359_282911584-282911584,,45.1416,-123.121,-07:00,VIIRS750,WF,20231001,,2.0,2 0.67; 9 0.33,,,,,,,,,,,,,,,230.0,,,,,,,,,,,,,,,,,,,,,,,,,,,POINT (-123.121 45.1416),163,41,071,41071,Yamhill,41071
5330,202309210000_202309272359_282908952-282908952,,45.5404,-116.1807,-07:00,HMS_GOES16,WF,20230927,,52.0,52 0.33; 59 0.33; 70 0.33,,,,,,,,,,,,,,,73.5625,,,,,,,,,,,,,,,,,,,,,,,,,,,POINT (-116.1807 45.5404),52,16,049,16049,Idaho,16049
5331,202309210000_202309272359_282908952-282908952,,45.5404,-116.1807,-07:00,HMS_GOES16,WF,20230928,,52.0,52 0.33; 59 0.33; 70 0.33,,,,,,,,,,,,,,,73.5625,,,,,,,,,,,,,,,,,,,,,,,,,,,POINT (-116.1807 45.5404),52,16,049,16049,Idaho,16049
5332,202309210000_202309272359_282908952-282908952,,45.5404,-116.1807,-07:00,HMS_GOES16,WF,20230929,,52.0,52 0.33; 59 0.33; 70 0.33,,,,,,,,,,,,,,,73.5625,,,,,,,,,,,,,,,,,,,,,,,,,,,POINT (-116.1807 45.5404),52,16,049,16049,Idaho,16049
5333,202309210000_202309272359_282908952-282908952,,45.5404,-116.1807,-07:00,HMS_GOES16,WF,20230930,,52.0,52 0.33; 59 0.33; 70 0.33,,,,,,,,,,,,,,,73.5625,,,,,,,,,,,,,,,,,,,,,,,,,,,POINT (-116.1807 45.5404),52,16,049,16049,Idaho,16049
5334,202309210000_202309272359_282908952-282908952,,45.5404,-116.1807,-07:00,HMS_GOES16,WF,20231001,,52.0,52 0.33; 59 0.33; 70 0.33,,,,,,,,,,,,,,,73.5625,,,,,,,,,,,,,,,,,,,,,,,,,,,POINT (-116.1807 45.5404),52,16,049,16049,Idaho,16049
5360,202309210000_202309272359_282923465-282923465,,45.82653,-114.7272,-07:00,VIIRSNOAA375,WF,20230927,,52.0,52 1.0,,,,,,,,,,,,,,,12.1,,,,,,,,,,,,,,,,,,,,,,,,,,,POINT (-114.7272 45.82653),52,16,049,16049,Idaho,16049
5361,202309210000_202309272359_282923465-282923465,,45.82653,-114.7272,-07:00,VIIRSNOAA375,WF,20230928,,52.0,52 1.0,,,,,,,,,,,,,,,12.1,,,,,,,,,,,,,,,,,,,,,,,,,,,POINT (-114.7272 45.82653),52,16,049,16049,Idaho,16049
5362,202309210000_202309272359_282923465-282923465,,45.82653,-114.7272,-07:00,VIIRSNOAA375,WF,20230929,,52.0,52 1.0,,,,,,,,,,,,,,,12.1,,,,,,,,,,,,,,,,,,,,,,,,,,,POINT (-114.7272 45.82653),52,16,049,16049,Idaho,16049
5363,202309210000_202309272359_282923465-282923465,,45.82653,-114.7272,-07:00,VIIRSNOAA375,WF,20230930,,52.0,52 1.0,,,,,,,,,,,,,,,12.1,,,,,,,,,,,,,,,,,,,,,,,,,,,POINT (-114.7272 45.82653),52,16,049,16049,Idaho,16049
5364,202309210000_202309272359_282923465-282923465,,45.82653,-114.7272,-07:00,VIIRSNOAA375,WF,20231001,,52.0,52 1.0,,,,,,,,,,,,,,,12.1,,,,,,,,,,,,,,,,,,,,,,,,,,,POINT (-114.7272 45.82653),52,16,049,16049,Idaho,16049
5340,202309210000_202309272359_282923888-282923888,,45.61479,-109.8259,-06:00,VIIRSNOAA375,WF,20230927,,52.0,52 1.0,,,,,,,,,,,,,,,12.1,,,,,,,,,,,,,,,,,,,,,,,,,,,POINT (-109.8259 45.61479),41,30,097,30097,Sweet Grass,30097
5341,202309210000_202309272359_282923888-282923888,,45.61479,-109.8259,-06:00,VIIRSNOAA375,WF,20230928,,52.0,52 1.0,,,,,,,,,,,,,,,12.1,,,,,,,,,,,,,,,,,,,,,,,,,,,POINT (-109.8259 45.61479),41,30,097,30097,Sweet Grass,30097
5342,202309210000_202309272359_282923888-282923888,,45.61479,-109.8259,-06:00,VIIRSNOAA375,WF,20230929,,52.0,52 1.0,,,,,,,,,,,,,,,12.1,,,,,,,,,,,,,,,,,,,,,,,,,,,POINT (-109.8259 45.61479),41,30,097,30097,Sweet Grass,30097
5343,202309210000_202309272359_282923888-282923888,,45.61479,-109.8259,-06:00,VIIRSNOAA375,WF,20230930,,52.0,52 1.0,,,,,,,,,,,,,,,12.1,,,,,,,,,,,,,,,,,,,,,,,,,,,POINT (-109.8259 45.61479),41,30,097,30097,Sweet Grass,30097
5344,202309210000_202309272359_282923888-282923888,,45.61479,-109.8259,-06:00,VIIRSNOAA375,WF,20231001,,52.0,52 1.0,,,,,,,,,,,,,,,12.1,,,,,,,,,,,,,,,,,,,,,,,,,,,POINT (-109.8259 45.61479),41,30,097,30097,Sweet Grass,30097
5345,202309210000_202309272359_282923811-282923811,,45.61827,-109.8272,-06:00,VIIRSNOAA375,WF,20230927,,52.0,52 1.0,,,,,,,,,,,,,,,61.6,,,,,,,,,,,,,,,,,,,,,,,,,,,POINT (-109.8272 45.61827),41,30,097,30097,Sweet Grass,30097
5346,202309210000_202309272359_282923811-282923811,,45.61827,-109.8272,-06:00,VIIRSNOAA375,WF,20230928,,52.0,52 1.0,,,,,,,,,,,,,,,61.6,,,,,,,,,,,,,,,,,,,,,,,,,,,POINT (-109.8272 45.61827),41,30,097,30097,Sweet Grass,30097
5347,202309210000_202309272359_282923811-282923811,,45.61827,-109.8272,-06:00,VIIRSNOAA375,WF,20230929,,52.0,52 1.0,,,,,,,,,,,,,,,61.6,,,,,,,,,,,,,,,,,,,,,,,,,,,POINT (-109.8272 45.61827),41,30,097,30097,Sweet Grass,30097
5348,202309210000_202309272359_282923811-282923811,,45.61827,-109.8272,-06:00,VIIRSNOAA375,WF,20230930,,52.0,52 1.0,,,,,,,,,,,,,,,61.6,,,,,,,,,,,,,,,,,,,,,,,,,,,POINT (-109.8272 45.61827),41,30,097,30097,Sweet Grass,30097
5349,202309210000_202309272359_282923811-282923811,,45.61827,-109.8272,-06:00,VIIRSNOAA375,WF,20231001,,52.0,52 1.0,,,,,,,,,,,,,,,61.6,,,,,,,,,,,,,,,,,,,,,,,,,,,POINT (-109.8272 45.61827),41,30,097,30097,Sweet Grass,30097
5350,202309210000_202309272359_282923889-282923889,,45.61589,-109.8202,-06:00,VIIRSNOAA375,WF,20230927,,52.0,52 1.0,,,,,,,,,,,,,,,22.1,,,,,,,,,,,,,,,,,,,,,,,,,,,POINT (-109.8202 45.61589),41,30,097,30097,Sweet Grass,30097
5351,202309210000_202309272359_282923889-282923889,,45.61589,-109.8202,-06:00,VIIRSNOAA375,WF,20230928,,52.0,52 1.0,,,,,,,,,,,,,,,22.1,,,,,,,,,,,,,,,,,,,,,,,,,,,POINT (-109.8202 45.61589),41,30,097,30097,Sweet Grass,30097
5352,202309210000_202309272359_282923889-282923889,,45.61589,-109.8202,-06:00,VIIRSNOAA375,WF,20230929,,52.0,52 1.0,,,,,,,,,,,,,,,22.1,,,,,,,,,,,,,,,,,,,,,,,,,,,POINT (-109.8202 45.61589),41,30,097,30097,Sweet Grass,30097
5353,202309210000_202309272359_282923889-282923889,,45.61589,-109.8202,-06:00,VIIRSNOAA375,WF,20230930,,52.0,52 1.0,,,,,,,,,,,,,,,22.1,,,,,,,,,,,,,,,,,,,,,,,,,,,POINT (-109.8202 45.61589),41,30,097,30097,Sweet Grass,30097
5354,202309210000_202309272359_282923889-282923889,,45.61589,-109.8202,-06:00,VIIRSNOAA375,WF,20231001,,52.0,52 1.0,,,,,,,,,,,,,,,22.1,,,,,,,,,,,,,,,,,,,,,,,,,,,POINT (-109.8202 45.61589),41,30,097,30097,Sweet Grass,30097
5355,202309210000_202309272359_282923810-282923810,,45.61935,-109.8217,-06:00,VIIRSNOAA375,WF,20230927,,52.0,52 1.0,,,,,,,,,,,,,,,12.1,,,,,,,,,,,,,,,,,,,,,,,,,,,POINT (-109.8217 45.61935),41,30,097,30097,Sweet Grass,30097
5356,202309210000_202309272359_282923810-282923810,,45.61935,-109.8217,-06:00,VIIRSNOAA375,WF,20230928,,52.0,52 1.0,,,,,,,,,,,,,,,12.1,,,,,,,,,,,,,,,,,,,,,,,,,,,POINT (-109.8217 45.61935),41,30,097,30097,Sweet Grass,30097
5357,202309210000_202309272359_282923810-282923810,,45.61935,-109.8217,-06:00,VIIRSNOAA375,WF,20230929,,52.0,52 1.0,,,,,,,,,,,,,,,12.1,,,,,,,,,,,,,,,,,,,,,,,,,,,POINT (-109.8217 45.61935),41,30,097,30097,Sweet Grass,30097
5358,202309210000_202309272359_282923810-282923810,,45.61935,-109.8217,-06:00,VIIRSNOAA375,WF,20230930,,52.0,52 1.0,,,,,,,,,,,,,,,12.1,,,,,,,,,,,,,,,,,,,,,,,,,,,POINT (-109.8217 45.61935),41,30,097,30097,Sweet Grass,30097
5359,202309210000_202309272359_282923810-282923810,,45.61935,-109.8217,-06:00,VIIRSNOAA375,WF,20231001,,52.0,52 1.0,,,,,,,,,,,,,,,12.1,,,,,,,,,,,,,,,,,,,,,,,,,,,POINT (-109.8217 45.61935),41,30,097,30097,Sweet Grass,30097
5365,202309210000_202309272359_282924106-282924106,,45.83419,-117.0822,-07:00,VIIRSNOAA375,WF,20230927,,52.0,52 1.0,,,,,,,,,,,,,,,12.1,,,,,,,,,,,,,,,,,,,,,,,,,,,POINT (-117.0822 45.83419),23,41,063,41063,Wallowa,41063
5366,202309210000_202309272359_282924106-282924106,,45.83419,-117.0822,-07:00,VIIRSNOAA375,WF,20230928,,52.0,52 1.0,,,,,,,,,,,,,,,12.1,,,,,,,,,,,,,,,,,,,,,,,,,,,POINT (-117.0822 45.83419),23,41,063,41063,Wallowa,41063
5367,202309210000_202309272359_282924106-282924106,,45.83419,-117.0822,-07:00,VIIRSNOAA375,WF,20230929,,52.0,52 1.0,,,,,,,,,,,,,,,12.1,,,,,,,,,,,,,,,,,,,,,,,,,,,POINT (-117.0822 45.83419),23,41,063,41063,Wallowa,41063
5368,202309210000_202309272359_282924106-282924106,,45.83419,-117.0822,-07:00,VIIRSNOAA375,WF,20230930,,52.0,52 1.0,,,,,,,,,,,,,,,12.1,,,,,,,,,,,,,,,,,,,,,,,,,,,POINT (-117.0822 45.83419),23,41,063,41063,Wallowa,41063
5369,202309210000_202309272359_282924106-282924106,,45.83419,-117.0822,-07:00,VIIRSNOAA375,WF,20231001,,52.0,52 1.0,,,,,,,,,,,,,,,12.1,,,,,,,,,,,,,,,,,,,,,,,,,,,POINT (-117.0822 45.83419),23,41,063,41063,Wallowa,41063
5420,202309210000_202309272359_282923173-282923517,,46.94368,-113.6637,-06:00,VIIRSNOAA375,WF,20230927,,52.0,52 1.0,,,,,,,,,,,,,,,14.199999999999998,,,,,,,,,,,,,,,,,,,,,,,,,,,POINT (-113.6637 46.94368),190,30,063,30063,Missoula,30063
5421,202309210000_202309272359_282923173-282923517,,46.94368,-113.6637,-06:00,VIIRSNOAA375,WF,20230928,,52.0,52 1.0,,,,,,,,,,,,,,,14.199999999999998,,,,,,,,,,,,,,,,,,,,,,,,,,,POINT (-113.6637 46.94368),190,30,063,30063,Missoula,30063
5422,202309210000_202309272359_282923173-282923517,,46.94368,-113.6637,-06:00,VIIRSNOAA375,WF,20230929,,52.0,52 1.0,,,,,,,,,,,,,,,14.199999999999998,,,,,,,,,,,,,,,,,,,,,,,,,,,POINT (-113.6637 46.94368),190,30,063,30063,Missoula,30063
5423,202309210000_202309272359_282923173-282923517,,46.94368,-113.6637,-06:00,VIIRSNOAA375,WF,20230930,,52.0,52 1.0,,,,,,,,,,,,,,,14.199999999999998,,,,,,,,,,,,,,,,,,,,,,,,,,,POINT (-113.6637 46.94368),190,30,063,30063,Missoula,30063
5424,202309210000_202309272359_282923173-282923517,,46.94368,-113.6637,-06:00,VIIRSNOAA375,WF,20231001,,52.0,52 1.0,,,,,,,,,,,,,,,14.199999999999998,,,,,,,,,,,,,,,,,,,,,,,,,,,POINT (-113.6637 46.94368),190,30,063,30063,Missoula,30063
5445,202309210000_202309272359_282924283-282924283,,47.58202,-111.7381,-06:00,VIIRSNOAA375,WF,20230927,,66.0,66 1.0,,,,,,,,,,,,,,,61.6,,,,,,,,,,,,,,,,,,,,,,,,,,,POINT (-111.7381 47.58202),85,30,013,30013,Cascade,30013
5446,202309210000_202309272359_282924283-282924283,,47.58202,-111.7381,-06:00,VIIRSNOAA375,WF,20230928,,66.0,66 1.0,,,,,,,,,,,,,,,61.6,,,,,,,,,,,,,,,,,,,,,,,,,,,POINT (-111.7381 47.58202),85,30,013,30013,Cascade,30013
5447,202309210000_202309272359_282924283-282924283,,47.58202,-111.7381,-06:00,VIIRSNOAA375,WF,20230929,,66.0,66 1.0,,,,,,,,,,,,,,,61.6,,,,,,,,,,,,,,,,,,,,,,,,,,,POINT (-111.7381 47.58202),85,30,013,30013,Cascade,30013
5448,202309210000_202309272359_282924283-282924283,,47.58202,-111.7381,-06:00,VIIRSNOAA375,WF,20230930,,66.0,66 1.0,,,,,,,,,,,,,,,61.6,,,,,,,,,,,,,,,,,,,,,,,,,,,POINT (-111.7381 47.58202),85,30,013,30013,Cascade,30013
5449,202309210000_202309272359_282924283-282924283,,47.58202,-111.7381,-06:00,VIIRSNOAA375,WF,20231001,,66.0,66 1.0,,,,,,,,,,,,,,,61.6,,,,,,,,,,,,,,,,,,,,,,,,,,,POINT (-111.7381 47.58202),85,30,013,30013,Cascade,30013
5495,202309210000_202309272359_282922326-282922326,,47.74743,-113.9079,-06:00,VIIRSNOAA375,WF,20230927,,70.0,70 0.75; 67 0.25,,,,,,,,,,,,,,,12.1,,,,,,,,,,,,,,,,,,,,,,,,,,,POINT (-113.9079 47.74743),166,30,047,30047,Lake,30047
5496,202309210000_202309272359_282922326-282922326,,47.74743,-113.9079,-06:00,VIIRSNOAA375,WF,20230928,,70.0,70 0.75; 67 0.25,,,,,,,,,,,,,,,12.1,,,,,,,,,,,,,,,,,,,,,,,,,,,POINT (-113.9079 47.74743),166,30,047,30047,Lake,30047
5497,202309210000_202309272359_282922326-282922326,,47.74743,-113.9079,-06:00,VIIRSNOAA375,WF,20230929,,70.0,70 0.75; 67 0.25,,,,,,,,,,,,,,,12.1,,,,,,,,,,,,,,,,,,,,,,,,,,,POINT (-113.9079 47.74743),166,30,047,30047,Lake,30047
5498,202309210000_202309272359_282922326-282922326,,47.74743,-113.9079,-06:00,VIIRSNOAA375,WF,20230930,,70.0,70 0.75; 67 0.25,,,,,,,,,,,,,,,12.1,,,,,,,,,,,,,,,,,,,,,,,,,,,POINT (-113.9079 47.74743),166,30,047,30047,Lake,30047
5499,202309210000_202309272359_282922326-282922326,,47.74743,-113.9079,-06:00,VIIRSNOAA375,WF,20231001,,70.0,70 0.75; 67 0.25,,,,,,,,,,,,,,,12.1,,,,,,,,,,,,,,,,,,,,,,,,,,,POINT (-113.9079 47.74743),166,30,047,30047,Lake,30047
5500,202309210000_202309272359_282922325-282923476,,47.74256,-113.9096,-06:00,VIIRSNOAA375,WF,20230927,,70.0,70 0.75; 67 0.25,,,,,,,,,,,,,,,9.14751712328767,,,,,,,,,,,,,,,,,,,,,,,,,,,POINT (-113.9096 47.74256),166,30,047,30047,Lake,30047
5501,202309210000_202309272359_282922325-282923476,,47.74262,-113.9036,-06:00,VIIRSNOAA375,WF,20230927,,70.0,70 0.75; 67 0.25,,,,,,,,,,,,,,,9.14751712328767,,,,,,,,,,,,,,,,,,,,,,,,,,,POINT (-113.9036 47.74262),166,30,047,30047,Lake,30047
5502,202309210000_202309272359_282922325-282923476,,47.7407,-113.9066,-06:00,VIIRSNOAA375,WF,20230927,,70.0,70 0.75; 67 0.25,,,,,,,,,,,,,,,9.14751712328767,,,,,,,,,,,,,,,,,,,,,,,,,,,POINT (-113.9066 47.7407),166,30,047,30047,Lake,30047
5503,202309210000_202309272359_282922325-282923476,,47.74244,-113.9006,-06:00,VIIRSNOAA375,WF,20230927,,208.0,208 0.33; 67 0.33; 70 0.33,,,,,,,,,,,,,,,16.707448630136987,,,,,,,,,,,,,,,,,,,,,,,,,,,POINT (-113.9006 47.74244),166,30,047,30047,Lake,30047
5504,202309210000_202309272359_282922325-282923476,,47.74256,-113.9096,-06:00,VIIRSNOAA375,WF,20230928,,70.0,70 0.75; 67 0.25,,,,,,,,,,,,,,,9.14751712328767,,,,,,,,,,,,,,,,,,,,,,,,,,,POINT (-113.9096 47.74256),166,30,047,30047,Lake,30047
5505,202309210000_202309272359_282922325-282923476,,47.74262,-113.9036,-06:00,VIIRSNOAA375,WF,20230928,,70.0,70 0.75; 67 0.25,,,,,,,,,,,,,,,9.14751712328767,,,,,,,,,,,,,,,,,,,,,,,,,,,POINT (-113.9036 47.74262),166,30,047,30047,Lake,30047
5506,202309210000_202309272359_282922325-282923476,,47.7407,-113.9066,-06:00,VIIRSNOAA375,WF,20230928,,70.0,70 0.75; 67 0.25,,,,,,,,,,,,,,,9.14751712328767,,,,,,,,,,,,,,,,,,,,,,,,,,,POINT (-113.9066 47.7407),166,30,047,30047,Lake,30047
5507,202309210000_202309272359_282922325-282923476,,47.74244,-113.9006,-06:00,VIIRSNOAA375,WF,20230928,,208.0,208 0.33; 67 0.33; 70 0.33,,,,,,,,,,,,,,,16.707448630136987,,,,,,,,,,,,,,,,,,,,,,,,,,,POINT (-113.9006 47.74244),166,30,047,30047,Lake,30047
5508,202309210000_202309272359_282922325-282923476,,47.74256,-113.9096,-06:00,VIIRSNOAA375,WF,20230929,,70.0,70 0.75; 67 0.25,,,,,,,,,,,,,,,9.14751712328767,,,,,,,,,,,,,,,,,,,,,,,,,,,POINT (-113.9096 47.74256),166,30,047,30047,Lake,30047
5509,202309210000_202309272359_282922325-282923476,,47.74262,-113.9036,-06:00,VIIRSNOAA375,WF,20230929,,70.0,70 0.75; 67 0.25,,,,,,,,,,,,,,,9.14751712328767,,,,,,,,,,,,,,,,,,,,,,,,,,,POINT (-113.9036 47.74262),166,30,047,30047,Lake,30047
5510,202309210000_202309272359_282922325-282923476,,47.7407,-113.9066,-06:00,VIIRSNOAA375,WF,20230929,,70.0,70 0.75; 67 0.25,,,,,,,,,,,,,,,9.14751712328767,,,,,,,,,,,,,,,,,,,,,,,,,,,POINT (-113.9066 47.7407),166,30,047,30047,Lake,30047
5511,202309210000_202309272359_282922325-282923476,,47.74244,-113.9006,-06:00,VIIRSNOAA375,WF,20230929,,208.0,208 0.33; 67 0.33; 70 0.33,,,,,,,,,,,,,,,16.707448630136987,,,,,,,,,,,,,,,,,,,,,,,,,,,POINT (-113.9006 47.74244),166,30,047,30047,Lake,30047
5512,202309210000_202309272359_282922325-282923476,,47.74256,-113.9096,-06:00,VIIRSNOAA375,WF,20230930,,70.0,70 0.75; 67 0.25,,,,,,,,,,,,,,,9.14751712328767,,,,,,,,,,,,,,,,,,,,,,,,,,,POINT (-113.9096 47.74256),166,30,047,30047,Lake,30047
5513,202309210000_202309272359_282922325-282923476,,47.74262,-113.9036,-06:00,VIIRSNOAA375,WF,20230930,,70.0,70 0.75; 67 0.25,,,,,,,,,,,,,,,9.14751712328767,,,,,,,,,,,,,,,,,,,,,,,,,,,POINT (-113.9036 47.74262),166,30,047,30047,Lake,30047
5514,202309210000_202309272359_282922325-282923476,,47.7407,-113.9066,-06:00,VIIRSNOAA375,WF,20230930,,70.0,70 0.75; 67 0.25,,,,,,,,,,,,,,,9.14751712328767,,,,,,,,,,,,,,,,,,,,,,,,,,,POINT (-113.9066 47.7407),166,30,047,30047,Lake,30047
5515,202309210000_202309272359_282922325-282923476,,47.74244,-113.9006,-06:00,VIIRSNOAA375,WF,20230930,,208.0,208 0.33; 67 0.33; 70 0.33,,,,,,,,,,,,,,,16.707448630136987,,,,,,,,,,,,,,,,,,,,,,,,,,,POINT (-113.9006 47.74244),166,30,047,30047,Lake,30047
5516,202309210000_202309272359_282922325-282923476,,47.74256,-113.9096,-06:00,VIIRSNOAA375,WF,20231001,,70.0,70 0.75; 67 0.25,,,,,,,,,,,,,,,9.14751712328767,,,,,,,,,,,,,,,,,,,,,,,,,,,POINT (-113.9096 47.74256),166,30,047,30047,Lake,30047
5517,202309210000_202309272359_282922325-282923476,,47.74262,-113.9036,-06:00,VIIRSNOAA375,WF,20231001,,70.0,70 0.75; 67 0.25,,,,,,,,,,,,,,,9.14751712328767,,,,,,,,,,,,,,,,,,,,,,,,,,,POINT (-113.9036 47.74262),166,30,047,30047,Lake,30047
5518,202309210000_202309272359_282922325-282923476,,47.7407,-113.9066,-06:00,VIIRSNOAA375,WF,20231001,,70.0,70 0.75; 67 0.25,,,,,,,,,,,,,,,9.14751712328767,,,,,,,,,,,,,,,,,,,,,,,,,,,POINT (-113.9066 47.7407),166,30,047,30047,Lake,30047
5519,202309210000_202309272359_282922325-282923476,,47.74244,-113.9006,-06:00,VIIRSNOAA375,WF,20231001,,208.0,208 0.33; 67 0.33; 70 0.33,,,,,,,,,,,,,,,16.707448630136987,,,,,,,,,,,,,,,,,,,,,,,,,,,POINT (-113.9006 47.74244),166,30,047,30047,Lake,30047
5565,202309210000_202309272359_282920984-282920984,,47.78079,-113.948,-06:00,HMS_GOES16,WF,20230927,,70.0,70 1.0,,,,,,,,,,,,,,,147.125,,,,,,,,,,,,,,,,,,,,,,,,,,,POINT (-113.948 47.78079),166,30,047,30047,Lake,30047
5566,202309210000_202309272359_282920984-282920984,,47.78079,-113.948,-06:00,HMS_GOES16,WF,20230928,,70.0,70 1.0,,,,,,,,,,,,,,,147.125,,,,,,,,,,,,,,,,,,,,,,,,,,,POINT (-113.948 47.78079),166,30,047,30047,Lake,30047
5567,202309210000_202309272359_282920984-282920984,,47.78079,-113.948,-06:00,HMS_GOES16,WF,20230929,,70.0,70 1.0,,,,,,,,,,,,,,,147.125,,,,,,,,,,,,,,,,,,,,,,,,,,,POINT (-113.948 47.78079),166,30,047,30047,Lake,30047
5568,202309210000_202309272359_282920984-282920984,,47.78079,-113.948,-06:00,HMS_GOES16,WF,20230930,,70.0,70 1.0,,,,,,,,,,,,,,,147.125,,,,,,,,,,,,,,,,,,,,,,,,,,,POINT (-113.948 47.78079),166,30,047,30047,Lake,30047
5569,202309210000_202309272359_282920984-282920984,,47.78079,-113.948,-06:00,HMS_GOES16,WF,20231001,,70.0,70 1.0,,,,,,,,,,,,,,,147.125,,,,,,,,,,,,,,,,,,,,,,,,,,,POINT (-113.948 47.78079),166,30,047,30047,Lake,30047
5575,202309210000_202309272359_282911096-282923520,,47.95295,-113.8349,-06:00,VIIRS375,WF,20230927,,67.0,67 0.8; 70 0.2,,,,,,,,,,,,,,,80.0,,,,,,,,,,,,,,,,,,,,,,,,,,,POINT (-113.8349 47.95295),166,30,047,30047,Lake,30047
5576,202309210000_202309272359_282911096-282923520,,47.95469,-113.842,-06:00,VIIRSNOAA375,WF,20230927,,67.0,67 0.5; 70 0.5,,,,,,,,,,,,,,,20.3,,,,,,,,,,,,,,,,,,,,,,,,,,,POINT (-113.842 47.95469),166,30,047,30047,Lake,30047
5577,202309210000_202309272359_282911096-282923520,,47.95295,-113.8349,-06:00,VIIRS375,WF,20230928,,67.0,67 0.8; 70 0.2,,,,,,,,,,,,,,,80.0,,,,,,,,,,,,,,,,,,,,,,,,,,,POINT (-113.8349 47.95295),166,30,047,30047,Lake,30047
5578,202309210000_202309272359_282911096-282923520,,47.95469,-113.842,-06:00,VIIRSNOAA375,WF,20230928,,67.0,67 0.5; 70 0.5,,,,,,,,,,,,,,,20.3,,,,,,,,,,,,,,,,,,,,,,,,,,,POINT (-113.842 47.95469),166,30,047,30047,Lake,30047
5579,202309210000_202309272359_282911096-282923520,,47.95295,-113.8349,-06:00,VIIRS375,WF,20230929,,67.0,67 0.8; 70 0.2,,,,,,,,,,,,,,,80.0,,,,,,,,,,,,,,,,,,,,,,,,,,,POINT (-113.8349 47.95295),166,30,047,30047,Lake,30047
5580,202309210000_202309272359_282911096-282923520,,47.95469,-113.842,-06:00,VIIRSNOAA375,WF,20230929,,67.0,67 0.5; 70 0.5,,,,,,,,,,,,,,,20.3,,,,,,,,,,,,,,,,,,,,,,,,,,,POINT (-113.842 47.95469),166,30,047,30047,Lake,30047
5581,202309210000_202309272359_282911096-282923520,,47.95295,-113.8349,-06:00,VIIRS375,WF,20230930,,67.0,67 0.8; 70 0.2,,,,,,,,,,,,,,,80.0,,,,,,,,,,,,,,,,,,,,,,,,,,,POINT (-113.8349 47.95295),166,30,047,30047,Lake,30047
5582,202309210000_202309272359_282911096-282923520,,47.95469,-113.842,-06:00,VIIRSNOAA375,WF,20230930,,67.0,67 0.5; 70 0.5,,,,,,,,,,,,,,,20.3,,,,,,,,,,,,,,,,,,,,,,,,,,,POINT (-113.842 47.95469),166,30,047,30047,Lake,30047
5583,202309210000_202309272359_282911096-282923520,,47.95295,-113.8349,-06:00,VIIRS375,WF,20231001,,67.0,67 0.8; 70 0.2,,,,,,,,,,,,,,,80.0,,,,,,,,,,,,,,,,,,,,,,,,,,,POINT (-113.8349 47.95295),166,30,047,30047,Lake,30047
5584,202309210000_202309272359_282911096-282923520,,47.95469,-113.842,-06:00,VIIRSNOAA375,WF,20231001,,67.0,67 0.5; 70 0.5,,,,,,,,,,,,,,,20.3,,,,,,,,,,,,,,,,,,,,,,,,,,,POINT (-113.842 47.95469),166,30,047,30047,Lake,30047
5625,202309210000_202309272359_282919288-282919565,,47.97197,-113.8654,-06:00,HMS_GOES16,WF,20230927,,70.0,70 1.0,,,,,,,,,,,,,,,147.125,,,,,,,,,,,,,,,,,,,,,,,,,,,POINT (-113.8654 47.97197),166,30,047,30047,Lake,30047
5626,202309210000_202309272359_282919288-282919565,,47.97197,-113.8654,-06:00,HMS_GOES16,WF,20230927,,70.0,70 1.0,,,,,,,,,,,,,,,147.125,,,,,,,,,,,,,,,,,,,,,,,,,,,POINT (-113.8654 47.97197),166,30,047,30047,Lake,30047
5627,202309210000_202309272359_282919288-282919565,,47.97197,-113.8654,-06:00,HMS_GOES16,WF,20230927,,70.0,70 1.0,,,,,,,,,,,,,,,147.125,,,,,,,,,,,,,,,,,,,,,,,,,,,POINT (-113.8654 47.97197),166,30,047,30047,Lake,30047
5628,202309210000_202309272359_282919288-282919565,,47.97197,-113.8654,-06:00,HMS_GOES16,WF,20230928,,70.0,70 1.0,,,,,,,,,,,,,,,147.125,,,,,,,,,,,,,,,,,,,,,,,,,,,POINT (-113.8654 47.97197),166,30,047,30047,Lake,30047
5629,202309210000_202309272359_282919288-282919565,,47.97197,-113.8654,-06:00,HMS_GOES16,WF,20230928,,70.0,70 1.0,,,,,,,,,,,,,,,147.125,,,,,,,,,,,,,,,,,,,,,,,,,,,POINT (-113.8654 47.97197),166,30,047,30047,Lake,30047
5630,202309210000_202309272359_282919288-282919565,,47.97197,-113.8654,-06:00,HMS_GOES16,WF,20230928,,70.0,70 1.0,,,,,,,,,,,,,,,147.125,,,,,,,,,,,,,,,,,,,,,,,,,,,POINT (-113.8654 47.97197),166,30,047,30047,Lake,30047
5631,202309210000_202309272359_282919288-282919565,,47.97197,-113.8654,-06:00,HMS_GOES16,WF,20230929,,70.0,70 1.0,,,,,,,,,,,,,,,147.125,,,,,,,,,,,,,,,,,,,,,,,,,,,POINT (-113.8654 47.97197),166,30,047,30047,Lake,30047
5632,202309210000_202309272359_282919288-282919565,,47.97197,-113.8654,-06:00,HMS_GOES16,WF,20230929,,70.0,70 1.0,,,,,,,,,,,,,,,147.125,,,,,,,,,,,,,,,,,,,,,,,,,,,POINT (-113.8654 47.97197),166,30,047,30047,Lake,30047
5633,202309210000_202309272359_282919288-282919565,,47.97197,-113.8654,-06:00,HMS_GOES16,WF,20230929,,70.0,70 1.0,,,,,,,,,,,,,,,147.125,,,,,,,,,,,,,,,,,,,,,,,,,,,POINT (-113.8654 47.97197),166,30,047,30047,Lake,30047
5634,202309210000_202309272359_282919288-282919565,,47.97197,-113.8654,-06:00,HMS_GOES16,WF,20230930,,70.0,70 1.0,,,,,,,,,,,,,,,147.125,,,,,,,,,,,,,,,,,,,,,,,,,,,POINT (-113.8654 47.97197),166,30,047,30047,Lake,30047
5635,202309210000_202309272359_282919288-282919565,,47.97197,-113.8654,-06:00,HMS_GOES16,WF,20230930,,70.0,70 1.0,,,,,,,,,,,,,,,147.125,,,,,,,,,,,,,,,,,,,,,,,,,,,POINT (-113.8654 47.97197),166,30,047,30047,Lake,30047
5636,202309210000_202309272359_282919288-282919565,,47.97197,-113.8654,-06:00,HMS_GOES16,WF,20230930,,70.0,70 1.0,,,,,,,,,,,,,,,147.125,,,,,,,,,,,,,,,,,,,,,,,,,,,POINT (-113.8654 47.97197),166,30,047,30047,Lake,30047
5637,202309210000_202309272359_282919288-282919565,,47.97197,-113.8654,-06:00,HMS_GOES16,WF,20231001,,70.0,70 1.0,,,,,,,,,,,,,,,147.125,,,,,,,,,,,,,,,,,,,,,,,,,,,POINT (-113.8654 47.97197),166,30,047,30047,Lake,30047
5638,202309210000_202309272359_282919288-282919565,,47.97197,-113.8654,-06:00,HMS_GOES16,WF,20231001,,70.0,70 1.0,,,,,,,,,,,,,,,147.125,,,,,,,,,,,,,,,,,,,,,,,,,,,POINT (-113.8654 47.97197),166,30,047,30047,Lake,30047
5639,202309210000_202309272359_282919288-282919565,,47.97197,-113.8654,-06:00,HMS_GOES16,WF,20231001,,70.0,70 1.0,,,,,,,,,,,,,,,147.125,,,,,,,,,,,,,,,,,,,,,,,,,,,POINT (-113.8654 47.97197),166,30,047,30047,Lake,30047
5685,202309210000_202309272359_282896406-282923148,,48.63243,-114.5473,-06:00,VIIRS375,WF,20230927,,70.0,70 0.8; 67 0.2,,,,,,,,,,,,,,,16.3,,,,,,,,,,,,,,,,,,,,,,,,,,,POINT (-114.5473 48.63243),86,30,029,30029,Flathead,30029
5686,202309210000_202309272359_282896406-282923148,,48.63243,-114.5473,-06:00,VIIRS375,WF,20230928,,70.0,70 0.8; 67 0.2,,,,,,,,,,,,,,,16.3,,,,,,,,,,,,,,,,,,,,,,,,,,,POINT (-114.5473 48.63243),86,30,029,30029,Flathead,30029
5687,202309210000_202309272359_282896406-282923148,,48.63243,-114.5473,-06:00,VIIRS375,WF,20230929,,70.0,70 0.8; 67 0.2,,,,,,,,,,,,,,,16.3,,,,,,,,,,,,,,,,,,,,,,,,,,,POINT (-114.5473 48.63243),86,30,029,30029,Flathead,30029
5688,202309210000_202309272359_282896406-282923148,,48.63243,-114.5473,-06:00,VIIRS375,WF,20230930,,70.0,70 0.8; 67 0.2,,,,,,,,,,,,,,,16.3,,,,,,,,,,,,,,,,,,,,,,,,,,,POINT (-114.5473 48.63243),86,30,029,30029,Flathead,30029
5689,202309210000_202309272359_282896406-282923148,,48.63243,-114.5473,-06:00,VIIRS375,WF,20231001,,70.0,70 0.8; 67 0.2,,,,,,,,,,,,,,,16.3,,,,,,,,,,,,,,,,,,,,,,,,,,,POINT (-114.5473 48.63243),86,30,029,30029,Flathead,30029
5800,202309210000_202309272359_282923512-282923512,,48.52732,-116.0352,-06:00,VIIRSNOAA375,WF,20230927,,208.0,208 0.8; 52 0.2,,,,,,,,,,,,,,,12.1,,,,,,,,,,,,,,,,,,,,,,,,,,,POINT (-116.0352 48.52732),107,30,053,30053,Lincoln,30053
5801,202309210000_202309272359_282923512-282923512,,48.52732,-116.0352,-06:00,VIIRSNOAA375,WF,20230928,,208.0,208 0.8; 52 0.2,,,,,,,,,,,,,,,12.1,,,,,,,,,,,,,,,,,,,,,,,,,,,POINT (-116.0352 48.52732),107,30,053,30053,Lincoln,30053
5802,202309210000_202309272359_282923512-282923512,,48.52732,-116.0352,-06:00,VIIRSNOAA375,WF,20230929,,208.0,208 0.8; 52 0.2,,,,,,,,,,,,,,,12.1,,,,,,,,,,,,,,,,,,,,,,,,,,,POINT (-116.0352 48.52732),107,30,053,30053,Lincoln,30053
5803,202309210000_202309272359_282923512-282923512,,48.52732,-116.0352,-06:00,VIIRSNOAA375,WF,20230930,,208.0,208 0.8; 52 0.2,,,,,,,,,,,,,,,12.1,,,,,,,,,,,,,,,,,,,,,,,,,,,POINT (-116.0352 48.52732),107,30,053,30053,Lincoln,30053
5804,202309210000_202309272359_282923512-282923512,,48.52732,-116.0352,-06:00,VIIRSNOAA375,WF,20231001,,208.0,208 0.8; 52 0.2,,,,,,,,,,,,,,,12.1,,,,,,,,,,,,,,,,,,,,,,,,,,,POINT (-116.0352 48.52732),107,30,053,30053,Lincoln,30053
5810,202309210000_202309272359_282909405-282923423,,48.52619,-116.0295,-06:00,VIIRSNOAA375,WF,20230927,,208.0,208 0.75; 52 0.25,,,,,,,,,,,,,,,12.1,,,,,,,,,,,,,,,,,,,,,,,,,,,POINT (-116.0295 48.52619),107,30,053,30053,Lincoln,30053
5811,202309210000_202309272359_282909405-282923423,,48.52619,-116.0295,-06:00,VIIRSNOAA375,WF,20230928,,208.0,208 0.75; 52 0.25,,,,,,,,,,,,,,,12.1,,,,,,,,,,,,,,,,,,,,,,,,,,,POINT (-116.0295 48.52619),107,30,053,30053,Lincoln,30053
5812,202309210000_202309272359_282909405-282923423,,48.52619,-116.0295,-06:00,VIIRSNOAA375,WF,20230929,,208.0,208 0.75; 52 0.25,,,,,,,,,,,,,,,12.1,,,,,,,,,,,,,,,,,,,,,,,,,,,POINT (-116.0295 48.52619),107,30,053,30053,Lincoln,30053
5813,202309210000_202309272359_282909405-282923423,,48.52619,-116.0295,-06:00,VIIRSNOAA375,WF,20230930,,208.0,208 0.75; 52 0.25,,,,,,,,,,,,,,,12.1,,,,,,,,,,,,,,,,,,,,,,,,,,,POINT (-116.0295 48.52619),107,30,053,30053,Lincoln,30053
5814,202309210000_202309272359_282909405-282923423,,48.52619,-116.0295,-06:00,VIIRSNOAA375,WF,20231001,,208.0,208 0.75; 52 0.25,,,,,,,,,,,,,,,12.1,,,,,,,,,,,,,,,,,,,,,,,,,,,POINT (-116.0295 48.52619),107,30,053,30053,Lincoln,30053
